[debug] [2026-06-06T14:31:12.151Z] ----------------------------------------------------------------------
[debug] [2026-06-06T14:31:12.152Z] Command:       /Users/etancohn/.nvm/versions/node/v20.20.0/bin/node /Users/etancohn/.nvm/versions/node/v20.20.0/bin/firebase deploy --only hosting,functions
[debug] [2026-06-06T14:31:12.152Z] CLI Version:   15.8.0
[debug] [2026-06-06T14:31:12.152Z] Platform:      darwin
[debug] [2026-06-06T14:31:12.152Z] Node Version:  v20.20.0
[debug] [2026-06-06T14:31:12.152Z] Time:          Sat Jun 06 2026 10:31:12 GMT-0400 (Eastern Daylight Time)
[debug] [2026-06-06T14:31:12.152Z] ----------------------------------------------------------------------
[debug] 
[debug] [2026-06-06T14:31:12.791Z] > command requires scopes: ["email","openid","https://www.googleapis.com/auth/cloudplatformprojects.readonly","https://www.googleapis.com/auth/firebase","https://www.googleapis.com/auth/cloud-platform"]
[debug] [2026-06-06T14:31:12.791Z] > authorizing via signed-in user (etan.cohn@gmail.com)
[debug] [2026-06-06T14:31:12.791Z] [iam] checking project more-perfect-union-newsletter for permissions ["cloudfunctions.functions.create","cloudfunctions.functions.delete","cloudfunctions.functions.get","cloudfunctions.functions.list","cloudfunctions.functions.update","cloudfunctions.operations.get","firebase.projects.get","firebasehosting.sites.update"]
[debug] [2026-06-06T14:31:12.792Z] Checked if tokens are valid: true, expires at: 1780758677513
[debug] [2026-06-06T14:31:12.792Z] Checked if tokens are valid: true, expires at: 1780758677513
[debug] [2026-06-06T14:31:12.792Z] >>> [apiv2][query] POST https://cloudresourcemanager.googleapis.com/v1/projects/more-perfect-union-newsletter:testIamPermissions [none]
[debug] [2026-06-06T14:31:12.792Z] >>> [apiv2][(partial)header] POST https://cloudresourcemanager.googleapis.com/v1/projects/more-perfect-union-newsletter:testIamPermissions  x-goog-user-project=more-perfect-union-newsletter
[debug] [2026-06-06T14:31:12.792Z] >>> [apiv2][body] POST https://cloudresourcemanager.googleapis.com/v1/projects/more-perfect-union-newsletter:testIamPermissions {"permissions":["cloudfunctions.functions.create","cloudfunctions.functions.delete","cloudfunctions.functions.get","cloudfunctions.functions.list","cloudfunctions.functions.update","cloudfunctions.operations.get","firebase.projects.get","firebasehosting.sites.update"]}
[debug] [2026-06-06T14:31:13.056Z] <<< [apiv2][status] POST https://cloudresourcemanager.googleapis.com/v1/projects/more-perfect-union-newsletter:testIamPermissions 200
[debug] [2026-06-06T14:31:13.056Z] <<< [apiv2][body] POST https://cloudresourcemanager.googleapis.com/v1/projects/more-perfect-union-newsletter:testIamPermissions {"permissions":["cloudfunctions.functions.create","cloudfunctions.functions.delete","cloudfunctions.functions.get","cloudfunctions.functions.list","cloudfunctions.functions.update","cloudfunctions.operations.get","firebase.projects.get","firebasehosting.sites.update"]}
[debug] [2026-06-06T14:31:13.056Z] Checked if tokens are valid: true, expires at: 1780758677513
[debug] [2026-06-06T14:31:13.056Z] Checked if tokens are valid: true, expires at: 1780758677513
[debug] [2026-06-06T14:31:13.056Z] >>> [apiv2][query] POST https://iam.googleapis.com/v1/projects/more-perfect-union-newsletter/serviceAccounts/more-perfect-union-newsletter@appspot.gserviceaccount.com:testIamPermissions [none]
[debug] [2026-06-06T14:31:13.056Z] >>> [apiv2][body] POST https://iam.googleapis.com/v1/projects/more-perfect-union-newsletter/serviceAccounts/more-perfect-union-newsletter@appspot.gserviceaccount.com:testIamPermissions {"permissions":["iam.serviceAccounts.actAs"]}
[debug] [2026-06-06T14:31:13.373Z] <<< [apiv2][status] POST https://iam.googleapis.com/v1/projects/more-perfect-union-newsletter/serviceAccounts/more-perfect-union-newsletter@appspot.gserviceaccount.com:testIamPermissions 404
[debug] [2026-06-06T14:31:13.374Z] <<< [apiv2][body] POST https://iam.googleapis.com/v1/projects/more-perfect-union-newsletter/serviceAccounts/more-perfect-union-newsletter@appspot.gserviceaccount.com:testIamPermissions {"error":{"code":404,"message":"Unknown service account","status":"NOT_FOUND"}}
[debug] [2026-06-06T14:31:13.374Z] [functions] service account IAM check errored, deploy may fail: Request to https://iam.googleapis.com/v1/projects/more-perfect-union-newsletter/serviceAccounts/more-perfect-union-newsletter@appspot.gserviceaccount.com:testIamPermissions had HTTP Error: 404, Unknown service account {"name":"FirebaseError","children":[],"context":{"body":{"error":{"code":404,"message":"Unknown service account","status":"NOT_FOUND"}},"response":{"statusCode":404}},"exit":1,"message":"Request to https://iam.googleapis.com/v1/projects/more-perfect-union-newsletter/serviceAccounts/more-perfect-union-newsletter@appspot.gserviceaccount.com:testIamPermissions had HTTP Error: 404, Unknown service account","status":404}
[debug] [2026-06-06T14:31:13.375Z] Checked if tokens are valid: true, expires at: 1780758677513
[debug] [2026-06-06T14:31:13.375Z] Checked if tokens are valid: true, expires at: 1780758677513
[debug] [2026-06-06T14:31:13.376Z] >>> [apiv2][query] GET https://firebase.googleapis.com/v1beta1/projects/more-perfect-union-newsletter [none]
[debug] [2026-06-06T14:31:13.631Z] <<< [apiv2][status] GET https://firebase.googleapis.com/v1beta1/projects/more-perfect-union-newsletter 200
[debug] [2026-06-06T14:31:13.631Z] <<< [apiv2][body] GET https://firebase.googleapis.com/v1beta1/projects/more-perfect-union-newsletter {"projectId":"more-perfect-union-newsletter","projectNumber":"584662744129","displayName":"More Perfect Union Newsletter","name":"projects/more-perfect-union-newsletter","resources":{"hostingSite":"more-perfect-union-newsletter"},"state":"ACTIVE","etag":"1_90225fa3-f93a-4689-b748-0594f32d6ad7"}
[info] 
[info] === Deploying to 'more-perfect-union-newsletter'...
[info] 
[info] i  deploying functions, hosting 
[debug] [2026-06-06T14:31:13.634Z] Checked if tokens are valid: true, expires at: 1780758677513
[debug] [2026-06-06T14:31:13.634Z] Checked if tokens are valid: true, expires at: 1780758677513
[debug] [2026-06-06T14:31:13.635Z] >>> [apiv2][query] GET https://cloudresourcemanager.googleapis.com/v1/projects/more-perfect-union-newsletter [none]
[debug] [2026-06-06T14:31:13.724Z] <<< [apiv2][status] GET https://cloudresourcemanager.googleapis.com/v1/projects/more-perfect-union-newsletter 200
[debug] [2026-06-06T14:31:13.724Z] <<< [apiv2][body] GET https://cloudresourcemanager.googleapis.com/v1/projects/more-perfect-union-newsletter {"projectNumber":"584662744129","projectId":"more-perfect-union-newsletter","lifecycleState":"ACTIVE","name":"More Perfect Union Newsletter","labels":{"firebase":"enabled","firebase-core":"disabled"},"createTime":"2026-06-06T09:55:09.313Z"}
[info] i  functions: preparing codebase default for deployment 
[info] i  functions: ensuring required API cloudfunctions.googleapis.com is enabled... 
[debug] [2026-06-06T14:31:13.726Z] Checked if tokens are valid: true, expires at: 1780758677513
[debug] [2026-06-06T14:31:13.726Z] Checked if tokens are valid: true, expires at: 1780758677513
[info] i  functions: ensuring required API cloudbuild.googleapis.com is enabled... 
[debug] [2026-06-06T14:31:13.727Z] Checked if tokens are valid: true, expires at: 1780758677513
[debug] [2026-06-06T14:31:13.727Z] Checked if tokens are valid: true, expires at: 1780758677513
[info] i  artifactregistry: ensuring required API artifactregistry.googleapis.com is enabled... 
[debug] [2026-06-06T14:31:13.727Z] Checked if tokens are valid: true, expires at: 1780758677513
[debug] [2026-06-06T14:31:13.727Z] Checked if tokens are valid: true, expires at: 1780758677513
[debug] [2026-06-06T14:31:13.727Z] >>> [apiv2][query] GET https://serviceusage.googleapis.com/v1/projects/more-perfect-union-newsletter/services/runtimeconfig.googleapis.com [none]
[debug] [2026-06-06T14:31:13.727Z] >>> [apiv2][(partial)header] GET https://serviceusage.googleapis.com/v1/projects/more-perfect-union-newsletter/services/runtimeconfig.googleapis.com  x-goog-user-project=more-perfect-union-newsletter
[debug] [2026-06-06T14:31:13.728Z] >>> [apiv2][query] GET https://serviceusage.googleapis.com/v1/projects/more-perfect-union-newsletter/services/cloudbuild.googleapis.com [none]
[debug] [2026-06-06T14:31:13.728Z] >>> [apiv2][(partial)header] GET https://serviceusage.googleapis.com/v1/projects/more-perfect-union-newsletter/services/cloudbuild.googleapis.com  x-goog-user-project=more-perfect-union-newsletter
[debug] [2026-06-06T14:31:13.729Z] >>> [apiv2][query] GET https://serviceusage.googleapis.com/v1/projects/more-perfect-union-newsletter/services/artifactregistry.googleapis.com [none]
[debug] [2026-06-06T14:31:13.729Z] >>> [apiv2][(partial)header] GET https://serviceusage.googleapis.com/v1/projects/more-perfect-union-newsletter/services/artifactregistry.googleapis.com  x-goog-user-project=more-perfect-union-newsletter
[debug] [2026-06-06T14:31:14.106Z] <<< [apiv2][status] GET https://serviceusage.googleapis.com/v1/projects/more-perfect-union-newsletter/services/cloudbuild.googleapis.com 200
[debug] [2026-06-06T14:31:14.106Z] <<< [apiv2][body] GET https://serviceusage.googleapis.com/v1/projects/more-perfect-union-newsletter/services/cloudbuild.googleapis.com [omitted]
[warn] ⚠  functions: missing required API cloudbuild.googleapis.com. Enabling now... 
[debug] [2026-06-06T14:31:14.106Z] Checked if tokens are valid: true, expires at: 1780758677513
[debug] [2026-06-06T14:31:14.106Z] Checked if tokens are valid: true, expires at: 1780758677513
[debug] [2026-06-06T14:31:14.106Z] >>> [apiv2][query] POST https://serviceusage.googleapis.com/v1/projects/more-perfect-union-newsletter/services/cloudbuild.googleapis.com:enable [none]
[debug] [2026-06-06T14:31:14.106Z] >>> [apiv2][(partial)header] POST https://serviceusage.googleapis.com/v1/projects/more-perfect-union-newsletter/services/cloudbuild.googleapis.com:enable  x-goog-user-project=more-perfect-union-newsletter
[debug] [2026-06-06T14:31:14.108Z] <<< [apiv2][status] GET https://serviceusage.googleapis.com/v1/projects/more-perfect-union-newsletter/services/runtimeconfig.googleapis.com 200
[debug] [2026-06-06T14:31:14.108Z] <<< [apiv2][body] GET https://serviceusage.googleapis.com/v1/projects/more-perfect-union-newsletter/services/runtimeconfig.googleapis.com [omitted]
[debug] [2026-06-06T14:31:14.161Z] <<< [apiv2][status] GET https://serviceusage.googleapis.com/v1/projects/more-perfect-union-newsletter/services/artifactregistry.googleapis.com 200
[debug] [2026-06-06T14:31:14.161Z] <<< [apiv2][body] GET https://serviceusage.googleapis.com/v1/projects/more-perfect-union-newsletter/services/artifactregistry.googleapis.com [omitted]
[warn] ⚠  artifactregistry: missing required API artifactregistry.googleapis.com. Enabling now... 
[debug] [2026-06-06T14:31:14.161Z] Checked if tokens are valid: true, expires at: 1780758677513
[debug] [2026-06-06T14:31:14.161Z] Checked if tokens are valid: true, expires at: 1780758677513
[debug] [2026-06-06T14:31:14.161Z] >>> [apiv2][query] POST https://serviceusage.googleapis.com/v1/projects/more-perfect-union-newsletter/services/artifactregistry.googleapis.com:enable [none]
[debug] [2026-06-06T14:31:14.161Z] >>> [apiv2][(partial)header] POST https://serviceusage.googleapis.com/v1/projects/more-perfect-union-newsletter/services/artifactregistry.googleapis.com:enable  x-goog-user-project=more-perfect-union-newsletter
[debug] [2026-06-06T14:31:14.733Z] <<< [apiv2][status] POST https://serviceusage.googleapis.com/v1/projects/more-perfect-union-newsletter/services/cloudbuild.googleapis.com:enable 200
[debug] [2026-06-06T14:31:14.734Z] <<< [apiv2][body] POST https://serviceusage.googleapis.com/v1/projects/more-perfect-union-newsletter/services/cloudbuild.googleapis.com:enable [omitted]
[debug] [2026-06-06T14:31:14.796Z] <<< [apiv2][status] POST https://serviceusage.googleapis.com/v1/projects/more-perfect-union-newsletter/services/artifactregistry.googleapis.com:enable 200
[debug] [2026-06-06T14:31:14.796Z] <<< [apiv2][body] POST https://serviceusage.googleapis.com/v1/projects/more-perfect-union-newsletter/services/artifactregistry.googleapis.com:enable [omitted]
[debug] [2026-06-06T14:31:24.805Z] Checked if tokens are valid: true, expires at: 1780758677513
[debug] [2026-06-06T14:31:24.805Z] Checked if tokens are valid: true, expires at: 1780758677513
[debug] [2026-06-06T14:31:24.805Z] >>> [apiv2][query] GET https://firebase.googleapis.com/v1beta1/projects/more-perfect-union-newsletter/adminSdkConfig [none]
[debug] [2026-06-06T14:31:25.168Z] <<< [apiv2][status] GET https://firebase.googleapis.com/v1beta1/projects/more-perfect-union-newsletter/adminSdkConfig 200
[debug] [2026-06-06T14:31:25.168Z] <<< [apiv2][body] GET https://firebase.googleapis.com/v1beta1/projects/more-perfect-union-newsletter/adminSdkConfig {"projectId":"more-perfect-union-newsletter","storageBucket":"more-perfect-union-newsletter.firebasestorage.app"}
[debug] [2026-06-06T14:31:25.168Z] Checked if tokens are valid: true, expires at: 1780758677513
[debug] [2026-06-06T14:31:25.168Z] Checked if tokens are valid: true, expires at: 1780758677513
[debug] [2026-06-06T14:31:25.169Z] >>> [apiv2][query] GET https://runtimeconfig.googleapis.com/v1beta1/projects/more-perfect-union-newsletter/configs [none]
[debug] [2026-06-06T14:31:25.418Z] <<< [apiv2][status] GET https://runtimeconfig.googleapis.com/v1beta1/projects/more-perfect-union-newsletter/configs 200
[debug] [2026-06-06T14:31:25.418Z] <<< [apiv2][body] GET https://runtimeconfig.googleapis.com/v1beta1/projects/more-perfect-union-newsletter/configs {}
[debug] [2026-06-06T14:31:25.420Z] Validating nodejs source
[warn] ⚠  functions: Runtime Node.js 20 was deprecated on 2026-04-30 and will be decommissioned on 2026-10-30, after which you will not be able to deploy without upgrading. Consider upgrading now to avoid disruption. See https://cloud.google.com/functions/docs/runtime-support for full details on the lifecycle policy 
[warn] ⚠  functions: package.json indicates an outdated version of firebase-functions. Please upgrade using npm install --save firebase-functions@latest in your functions directory. 
[warn] ⚠  functions: Please note that there will be breaking changes when you upgrade. 
[debug] [2026-06-06T14:31:25.761Z] > [functions] package.json contents: {
  "name": "functions",
  "description": "Cloud Functions for the A More Perfect Union newsletter",
  "private": true,
  "engines": {
    "node": "20"
  },
  "main": "index.js",
  "dependencies": {
    "firebase-functions": "^6.1.0",
    "nodemailer": "^8.0.10"
  }
}
[debug] [2026-06-06T14:31:25.761Z] Building nodejs source
[info] i  functions: Loading and analyzing source code for codebase default to determine what to deploy 
[debug] [2026-06-06T14:31:25.762Z] Could not find functions.yaml. Must use http discovery
[debug] [2026-06-06T14:31:25.766Z] Found firebase-functions binary at '/Users/etancohn/more-perfect-union/functions/node_modules/.bin/firebase-functions'
[info] Serving at port 8007

[debug] [2026-06-06T14:31:26.126Z] Got response from /__/functions.yaml {"endpoints":{"sendTest":{"availableMemoryMb":null,"timeoutSeconds":null,"minInstances":null,"maxInstances":null,"ingressSettings":null,"concurrency":null,"serviceAccountEmail":null,"vpc":null,"platform":"gcfv2","secretEnvironmentVariables":[{"key":"GMAIL_USER"},{"key":"GMAIL_APP_PASSWORD"}],"labels":{},"httpsTrigger":{},"entryPoint":"sendTest"}},"specVersion":"v1alpha1","requiredAPIs":[],"extensions":{},"params":[{"type":"secret","name":"GMAIL_USER"},{"type":"secret","name":"GMAIL_APP_PASSWORD"}]}
[info] i  extensions: ensuring required API firebaseextensions.googleapis.com is enabled... 
[debug] [2026-06-06T14:31:30.147Z] Checked if tokens are valid: true, expires at: 1780758677513
[debug] [2026-06-06T14:31:30.147Z] Checked if tokens are valid: true, expires at: 1780758677513
[debug] [2026-06-06T14:31:30.147Z] >>> [apiv2][query] GET https://serviceusage.googleapis.com/v1/projects/more-perfect-union-newsletter/services/firebaseextensions.googleapis.com [none]
[debug] [2026-06-06T14:31:30.147Z] >>> [apiv2][(partial)header] GET https://serviceusage.googleapis.com/v1/projects/more-perfect-union-newsletter/services/firebaseextensions.googleapis.com  x-goog-user-project=more-perfect-union-newsletter
[debug] [2026-06-06T14:31:30.523Z] <<< [apiv2][status] GET https://serviceusage.googleapis.com/v1/projects/more-perfect-union-newsletter/services/firebaseextensions.googleapis.com 200
[debug] [2026-06-06T14:31:30.523Z] <<< [apiv2][body] GET https://serviceusage.googleapis.com/v1/projects/more-perfect-union-newsletter/services/firebaseextensions.googleapis.com [omitted]
[warn] ⚠  extensions: missing required API firebaseextensions.googleapis.com. Enabling now... 
[debug] [2026-06-06T14:31:30.523Z] Checked if tokens are valid: true, expires at: 1780758677513
[debug] [2026-06-06T14:31:30.523Z] Checked if tokens are valid: true, expires at: 1780758677513
[debug] [2026-06-06T14:31:30.523Z] >>> [apiv2][query] POST https://serviceusage.googleapis.com/v1/projects/more-perfect-union-newsletter/services/firebaseextensions.googleapis.com:enable [none]
[debug] [2026-06-06T14:31:30.523Z] >>> [apiv2][(partial)header] POST https://serviceusage.googleapis.com/v1/projects/more-perfect-union-newsletter/services/firebaseextensions.googleapis.com:enable  x-goog-user-project=more-perfect-union-newsletter
[debug] [2026-06-06T14:31:31.118Z] <<< [apiv2][status] POST https://serviceusage.googleapis.com/v1/projects/more-perfect-union-newsletter/services/firebaseextensions.googleapis.com:enable 200
[debug] [2026-06-06T14:31:31.118Z] <<< [apiv2][body] POST https://serviceusage.googleapis.com/v1/projects/more-perfect-union-newsletter/services/firebaseextensions.googleapis.com:enable [omitted]
[debug] [2026-06-06T14:31:41.128Z] > command requires scopes: ["email","openid","https://www.googleapis.com/auth/cloudplatformprojects.readonly","https://www.googleapis.com/auth/firebase","https://www.googleapis.com/auth/cloud-platform"]
[debug] [2026-06-06T14:31:41.129Z] > authorizing via signed-in user (etan.cohn@gmail.com)
[debug] [2026-06-06T14:31:41.129Z] [iam] checking project more-perfect-union-newsletter for permissions ["firebase.projects.get","firebaseextensions.instances.list"]
[debug] [2026-06-06T14:31:41.129Z] Checked if tokens are valid: true, expires at: 1780758677513
[debug] [2026-06-06T14:31:41.129Z] Checked if tokens are valid: true, expires at: 1780758677513
[debug] [2026-06-06T14:31:41.130Z] >>> [apiv2][query] POST https://cloudresourcemanager.googleapis.com/v1/projects/more-perfect-union-newsletter:testIamPermissions [none]
[debug] [2026-06-06T14:31:41.130Z] >>> [apiv2][(partial)header] POST https://cloudresourcemanager.googleapis.com/v1/projects/more-perfect-union-newsletter:testIamPermissions  x-goog-user-project=more-perfect-union-newsletter
[debug] [2026-06-06T14:31:41.130Z] >>> [apiv2][body] POST https://cloudresourcemanager.googleapis.com/v1/projects/more-perfect-union-newsletter:testIamPermissions {"permissions":["firebase.projects.get","firebaseextensions.instances.list"]}
[debug] [2026-06-06T14:31:41.294Z] <<< [apiv2][status] POST https://cloudresourcemanager.googleapis.com/v1/projects/more-perfect-union-newsletter:testIamPermissions 200
[debug] [2026-06-06T14:31:41.294Z] <<< [apiv2][body] POST https://cloudresourcemanager.googleapis.com/v1/projects/more-perfect-union-newsletter:testIamPermissions {"permissions":["firebase.projects.get","firebaseextensions.instances.list"]}
[debug] [2026-06-06T14:31:41.295Z] Checked if tokens are valid: true, expires at: 1780758677513
[debug] [2026-06-06T14:31:41.295Z] Checked if tokens are valid: true, expires at: 1780758677513
[debug] [2026-06-06T14:31:41.295Z] >>> [apiv2][query] GET https://firebaseextensions.googleapis.com/v1beta/projects/more-perfect-union-newsletter/instances pageSize=100&pageToken=
[debug] [2026-06-06T14:31:42.812Z] <<< [apiv2][status] GET https://firebaseextensions.googleapis.com/v1beta/projects/more-perfect-union-newsletter/instances 200
[debug] [2026-06-06T14:31:42.812Z] <<< [apiv2][body] GET https://firebaseextensions.googleapis.com/v1beta/projects/more-perfect-union-newsletter/instances {}
[debug] [2026-06-06T14:31:42.813Z] Checked if tokens are valid: true, expires at: 1780758677513
[debug] [2026-06-06T14:31:42.813Z] Checked if tokens are valid: true, expires at: 1780758677513
[debug] [2026-06-06T14:31:42.814Z] >>> [apiv2][query] GET https://secretmanager.googleapis.com/v1/projects/more-perfect-union-newsletter/secrets/GMAIL_USER [none]
[debug] [2026-06-06T14:31:42.999Z] <<< [apiv2][status] GET https://secretmanager.googleapis.com/v1/projects/more-perfect-union-newsletter/secrets/GMAIL_USER 200
[debug] [2026-06-06T14:31:42.999Z] <<< [apiv2][body] GET https://secretmanager.googleapis.com/v1/projects/more-perfect-union-newsletter/secrets/GMAIL_USER {"name":"projects/584662744129/secrets/GMAIL_USER","replication":{"automatic":{}},"createTime":"2026-06-06T14:30:19.482269Z","labels":{"firebase-managed":"functions"},"etag":"\"1653969de8ff9d\""}
[debug] [2026-06-06T14:31:43.000Z] Checked if tokens are valid: true, expires at: 1780758677513
[debug] [2026-06-06T14:31:43.000Z] Checked if tokens are valid: true, expires at: 1780758677513
[debug] [2026-06-06T14:31:43.000Z] >>> [apiv2][query] GET https://secretmanager.googleapis.com/v1/projects/more-perfect-union-newsletter/secrets/GMAIL_USER/versions/latest [none]
[debug] [2026-06-06T14:31:43.115Z] <<< [apiv2][status] GET https://secretmanager.googleapis.com/v1/projects/more-perfect-union-newsletter/secrets/GMAIL_USER/versions/latest 200
[debug] [2026-06-06T14:31:43.115Z] <<< [apiv2][body] GET https://secretmanager.googleapis.com/v1/projects/more-perfect-union-newsletter/secrets/GMAIL_USER/versions/latest {"name":"projects/584662744129/secrets/GMAIL_USER/versions/1","createTime":"2026-06-06T14:30:24.219078Z","state":"ENABLED","replicationStatus":{"automatic":{}},"etag":"\"1653969e2d17c6\""}
[debug] [2026-06-06T14:31:43.116Z] Checked if tokens are valid: true, expires at: 1780758677513
[debug] [2026-06-06T14:31:43.116Z] Checked if tokens are valid: true, expires at: 1780758677513
[debug] [2026-06-06T14:31:43.116Z] >>> [apiv2][query] GET https://secretmanager.googleapis.com/v1/projects/more-perfect-union-newsletter/secrets/GMAIL_APP_PASSWORD [none]
[debug] [2026-06-06T14:31:43.208Z] <<< [apiv2][status] GET https://secretmanager.googleapis.com/v1/projects/more-perfect-union-newsletter/secrets/GMAIL_APP_PASSWORD 200
[debug] [2026-06-06T14:31:43.209Z] <<< [apiv2][body] GET https://secretmanager.googleapis.com/v1/projects/more-perfect-union-newsletter/secrets/GMAIL_APP_PASSWORD {"name":"projects/584662744129/secrets/GMAIL_APP_PASSWORD","replication":{"automatic":{}},"createTime":"2026-06-06T14:30:38.474232Z","labels":{"firebase-managed":"functions"},"etag":"\"1653969f0a866e\""}
[debug] [2026-06-06T14:31:43.209Z] Checked if tokens are valid: true, expires at: 1780758677513
[debug] [2026-06-06T14:31:43.209Z] Checked if tokens are valid: true, expires at: 1780758677513
[debug] [2026-06-06T14:31:43.209Z] >>> [apiv2][query] GET https://secretmanager.googleapis.com/v1/projects/more-perfect-union-newsletter/secrets/GMAIL_APP_PASSWORD/versions/latest [none]
[debug] [2026-06-06T14:31:43.308Z] <<< [apiv2][status] GET https://secretmanager.googleapis.com/v1/projects/more-perfect-union-newsletter/secrets/GMAIL_APP_PASSWORD/versions/latest 200
[debug] [2026-06-06T14:31:43.308Z] <<< [apiv2][body] GET https://secretmanager.googleapis.com/v1/projects/more-perfect-union-newsletter/secrets/GMAIL_APP_PASSWORD/versions/latest {"name":"projects/584662744129/secrets/GMAIL_APP_PASSWORD/versions/1","createTime":"2026-06-06T14:30:46.898505Z","state":"ENABLED","replicationStatus":{"automatic":{}},"etag":"\"1653969f872749\""}
[info] i  functions: preparing functions directory for uploading... 
[info] i  functions: packaged /Users/etancohn/more-perfect-union/functions (32.55 KB) for uploading 
[debug] [2026-06-06T14:31:43.337Z] Checked if tokens are valid: true, expires at: 1780758677513
[debug] [2026-06-06T14:31:43.337Z] Checked if tokens are valid: true, expires at: 1780758677513
[debug] [2026-06-06T14:31:43.337Z] >>> [apiv2][query] GET https://cloudfunctions.googleapis.com/v1/projects/more-perfect-union-newsletter/locations/-/functions [none]
[debug] [2026-06-06T14:31:43.895Z] <<< [apiv2][status] GET https://cloudfunctions.googleapis.com/v1/projects/more-perfect-union-newsletter/locations/-/functions 200
[debug] [2026-06-06T14:31:43.895Z] <<< [apiv2][body] GET https://cloudfunctions.googleapis.com/v1/projects/more-perfect-union-newsletter/locations/-/functions {}
[debug] [2026-06-06T14:31:43.896Z] Checked if tokens are valid: true, expires at: 1780758677513
[debug] [2026-06-06T14:31:43.896Z] Checked if tokens are valid: true, expires at: 1780758677513
[debug] [2026-06-06T14:31:43.898Z] >>> [apiv2][query] GET https://cloudfunctions.googleapis.com/v2/projects/more-perfect-union-newsletter/locations/-/functions filter=environment%3D%22GEN_2%22
[debug] [2026-06-06T14:31:44.324Z] <<< [apiv2][status] GET https://cloudfunctions.googleapis.com/v2/projects/more-perfect-union-newsletter/locations/-/functions 200
[debug] [2026-06-06T14:31:44.324Z] <<< [apiv2][body] GET https://cloudfunctions.googleapis.com/v2/projects/more-perfect-union-newsletter/locations/-/functions {}
[info] i  functions: ensuring required API run.googleapis.com is enabled... 
[debug] [2026-06-06T14:31:44.326Z] Checked if tokens are valid: true, expires at: 1780758677513
[debug] [2026-06-06T14:31:44.326Z] Checked if tokens are valid: true, expires at: 1780758677513
[info] i  functions: ensuring required API eventarc.googleapis.com is enabled... 
[debug] [2026-06-06T14:31:44.326Z] Checked if tokens are valid: true, expires at: 1780758677513
[debug] [2026-06-06T14:31:44.326Z] Checked if tokens are valid: true, expires at: 1780758677513
[info] i  functions: ensuring required API pubsub.googleapis.com is enabled... 
[debug] [2026-06-06T14:31:44.326Z] Checked if tokens are valid: true, expires at: 1780758677513
[debug] [2026-06-06T14:31:44.326Z] Checked if tokens are valid: true, expires at: 1780758677513
[info] i  functions: ensuring required API storage.googleapis.com is enabled... 
[debug] [2026-06-06T14:31:44.326Z] Checked if tokens are valid: true, expires at: 1780758677513
[debug] [2026-06-06T14:31:44.326Z] Checked if tokens are valid: true, expires at: 1780758677513
[debug] [2026-06-06T14:31:44.326Z] >>> [apiv2][query] GET https://serviceusage.googleapis.com/v1/projects/584662744129/services/run.googleapis.com [none]
[debug] [2026-06-06T14:31:44.326Z] >>> [apiv2][(partial)header] GET https://serviceusage.googleapis.com/v1/projects/584662744129/services/run.googleapis.com  x-goog-user-project=584662744129
[debug] [2026-06-06T14:31:44.327Z] >>> [apiv2][query] GET https://serviceusage.googleapis.com/v1/projects/584662744129/services/eventarc.googleapis.com [none]
[debug] [2026-06-06T14:31:44.327Z] >>> [apiv2][(partial)header] GET https://serviceusage.googleapis.com/v1/projects/584662744129/services/eventarc.googleapis.com  x-goog-user-project=584662744129
[debug] [2026-06-06T14:31:44.328Z] >>> [apiv2][query] GET https://serviceusage.googleapis.com/v1/projects/584662744129/services/pubsub.googleapis.com [none]
[debug] [2026-06-06T14:31:44.328Z] >>> [apiv2][(partial)header] GET https://serviceusage.googleapis.com/v1/projects/584662744129/services/pubsub.googleapis.com  x-goog-user-project=584662744129
[debug] [2026-06-06T14:31:44.328Z] >>> [apiv2][query] GET https://serviceusage.googleapis.com/v1/projects/584662744129/services/storage.googleapis.com [none]
[debug] [2026-06-06T14:31:44.328Z] >>> [apiv2][(partial)header] GET https://serviceusage.googleapis.com/v1/projects/584662744129/services/storage.googleapis.com  x-goog-user-project=584662744129
[debug] [2026-06-06T14:31:44.728Z] <<< [apiv2][status] GET https://serviceusage.googleapis.com/v1/projects/584662744129/services/eventarc.googleapis.com 200
[debug] [2026-06-06T14:31:44.728Z] <<< [apiv2][body] GET https://serviceusage.googleapis.com/v1/projects/584662744129/services/eventarc.googleapis.com [omitted]
[warn] ⚠  functions: missing required API eventarc.googleapis.com. Enabling now... 
[debug] [2026-06-06T14:31:44.728Z] Checked if tokens are valid: true, expires at: 1780758677513
[debug] [2026-06-06T14:31:44.728Z] Checked if tokens are valid: true, expires at: 1780758677513
[debug] [2026-06-06T14:31:44.728Z] >>> [apiv2][query] POST https://serviceusage.googleapis.com/v1/projects/584662744129/services/eventarc.googleapis.com:enable [none]
[debug] [2026-06-06T14:31:44.728Z] >>> [apiv2][(partial)header] POST https://serviceusage.googleapis.com/v1/projects/584662744129/services/eventarc.googleapis.com:enable  x-goog-user-project=584662744129
[debug] [2026-06-06T14:31:44.730Z] <<< [apiv2][status] GET https://serviceusage.googleapis.com/v1/projects/584662744129/services/run.googleapis.com 200
[debug] [2026-06-06T14:31:44.730Z] <<< [apiv2][body] GET https://serviceusage.googleapis.com/v1/projects/584662744129/services/run.googleapis.com [omitted]
[warn] ⚠  functions: missing required API run.googleapis.com. Enabling now... 
[debug] [2026-06-06T14:31:44.730Z] Checked if tokens are valid: true, expires at: 1780758677513
[debug] [2026-06-06T14:31:44.730Z] Checked if tokens are valid: true, expires at: 1780758677513
[debug] [2026-06-06T14:31:44.730Z] >>> [apiv2][query] POST https://serviceusage.googleapis.com/v1/projects/584662744129/services/run.googleapis.com:enable [none]
[debug] [2026-06-06T14:31:44.730Z] >>> [apiv2][(partial)header] POST https://serviceusage.googleapis.com/v1/projects/584662744129/services/run.googleapis.com:enable  x-goog-user-project=584662744129
[debug] [2026-06-06T14:31:44.750Z] <<< [apiv2][status] GET https://serviceusage.googleapis.com/v1/projects/584662744129/services/storage.googleapis.com 200
[debug] [2026-06-06T14:31:44.750Z] <<< [apiv2][body] GET https://serviceusage.googleapis.com/v1/projects/584662744129/services/storage.googleapis.com [omitted]
[info] ✔  functions: required API storage.googleapis.com is enabled 
[debug] [2026-06-06T14:31:44.761Z] <<< [apiv2][status] GET https://serviceusage.googleapis.com/v1/projects/584662744129/services/pubsub.googleapis.com 200
[debug] [2026-06-06T14:31:44.761Z] <<< [apiv2][body] GET https://serviceusage.googleapis.com/v1/projects/584662744129/services/pubsub.googleapis.com [omitted]
[info] ✔  functions: required API pubsub.googleapis.com is enabled 
[debug] [2026-06-06T14:31:45.440Z] <<< [apiv2][status] POST https://serviceusage.googleapis.com/v1/projects/584662744129/services/run.googleapis.com:enable 200
[debug] [2026-06-06T14:31:45.440Z] <<< [apiv2][body] POST https://serviceusage.googleapis.com/v1/projects/584662744129/services/run.googleapis.com:enable [omitted]
[debug] [2026-06-06T14:31:45.534Z] <<< [apiv2][status] POST https://serviceusage.googleapis.com/v1/projects/584662744129/services/eventarc.googleapis.com:enable 200
[debug] [2026-06-06T14:31:45.534Z] <<< [apiv2][body] POST https://serviceusage.googleapis.com/v1/projects/584662744129/services/eventarc.googleapis.com:enable [omitted]
[info] i  functions: generating the service identity for pubsub.googleapis.com... 
[debug] [2026-06-06T14:31:55.544Z] Checked if tokens are valid: true, expires at: 1780758677513
[debug] [2026-06-06T14:31:55.544Z] Checked if tokens are valid: true, expires at: 1780758677513
[info] i  functions: generating the service identity for eventarc.googleapis.com... 
[debug] [2026-06-06T14:31:55.544Z] Checked if tokens are valid: true, expires at: 1780758677513
[debug] [2026-06-06T14:31:55.544Z] Checked if tokens are valid: true, expires at: 1780758677513
[debug] [2026-06-06T14:31:55.544Z] >>> [apiv2][query] POST https://serviceusage.googleapis.com/v1beta1/projects/584662744129/services/pubsub.googleapis.com:generateServiceIdentity [none]
[debug] [2026-06-06T14:31:55.544Z] >>> [apiv2][(partial)header] POST https://serviceusage.googleapis.com/v1beta1/projects/584662744129/services/pubsub.googleapis.com:generateServiceIdentity  x-goog-user-project=584662744129
[debug] [2026-06-06T14:31:55.545Z] >>> [apiv2][body] POST https://serviceusage.googleapis.com/v1beta1/projects/584662744129/services/pubsub.googleapis.com:generateServiceIdentity {}
[debug] [2026-06-06T14:31:55.546Z] >>> [apiv2][query] POST https://serviceusage.googleapis.com/v1beta1/projects/584662744129/services/eventarc.googleapis.com:generateServiceIdentity [none]
[debug] [2026-06-06T14:31:55.546Z] >>> [apiv2][(partial)header] POST https://serviceusage.googleapis.com/v1beta1/projects/584662744129/services/eventarc.googleapis.com:generateServiceIdentity  x-goog-user-project=584662744129
[debug] [2026-06-06T14:31:55.546Z] >>> [apiv2][body] POST https://serviceusage.googleapis.com/v1beta1/projects/584662744129/services/eventarc.googleapis.com:generateServiceIdentity {}
[debug] [2026-06-06T14:31:56.237Z] <<< [apiv2][status] POST https://serviceusage.googleapis.com/v1beta1/projects/584662744129/services/pubsub.googleapis.com:generateServiceIdentity 200
[debug] [2026-06-06T14:31:56.238Z] <<< [apiv2][body] POST https://serviceusage.googleapis.com/v1beta1/projects/584662744129/services/pubsub.googleapis.com:generateServiceIdentity {"name":"operations/finished.DONE_OPERATION","done":true,"response":{"@type":"type.googleapis.com/google.api.serviceusage.v1beta1.ServiceIdentity","email":"service-584662744129@gcp-sa-pubsub.iam.gserviceaccount.com","uniqueId":"115216181466221376268"}}
[debug] [2026-06-06T14:31:56.715Z] <<< [apiv2][status] POST https://serviceusage.googleapis.com/v1beta1/projects/584662744129/services/eventarc.googleapis.com:generateServiceIdentity 200
[debug] [2026-06-06T14:31:56.715Z] <<< [apiv2][body] POST https://serviceusage.googleapis.com/v1beta1/projects/584662744129/services/eventarc.googleapis.com:generateServiceIdentity {"name":"operations/finished.DONE_OPERATION","done":true,"response":{"@type":"type.googleapis.com/google.api.serviceusage.v1beta1.ServiceIdentity","email":"service-584662744129@gcp-sa-eventarc.iam.gserviceaccount.com","uniqueId":"115995057321443917686"}}
[info] i  functions: ensuring required API secretmanager.googleapis.com is enabled... 
[debug] [2026-06-06T14:31:56.716Z] Checked if tokens are valid: true, expires at: 1780758677513
[debug] [2026-06-06T14:31:56.716Z] Checked if tokens are valid: true, expires at: 1780758677513
[debug] [2026-06-06T14:31:56.716Z] >>> [apiv2][query] GET https://serviceusage.googleapis.com/v1/projects/584662744129/services/secretmanager.googleapis.com [none]
[debug] [2026-06-06T14:31:56.716Z] >>> [apiv2][(partial)header] GET https://serviceusage.googleapis.com/v1/projects/584662744129/services/secretmanager.googleapis.com  x-goog-user-project=584662744129
[debug] [2026-06-06T14:31:57.116Z] <<< [apiv2][status] GET https://serviceusage.googleapis.com/v1/projects/584662744129/services/secretmanager.googleapis.com 200
[debug] [2026-06-06T14:31:57.117Z] <<< [apiv2][body] GET https://serviceusage.googleapis.com/v1/projects/584662744129/services/secretmanager.googleapis.com [omitted]
[info] ✔  functions: required API secretmanager.googleapis.com is enabled 
[debug] [2026-06-06T14:31:57.127Z] Checked if tokens are valid: true, expires at: 1780758677513
[debug] [2026-06-06T14:31:57.127Z] Checked if tokens are valid: true, expires at: 1780758677513
[debug] [2026-06-06T14:31:57.127Z] Checked if tokens are valid: true, expires at: 1780758677513
[debug] [2026-06-06T14:31:57.127Z] Checked if tokens are valid: true, expires at: 1780758677513
[debug] [2026-06-06T14:31:57.128Z] >>> [apiv2][query] GET https://secretmanager.googleapis.com/v1/projects/more-perfect-union-newsletter/secrets/GMAIL_USER/versions/latest [none]
[debug] [2026-06-06T14:31:57.130Z] >>> [apiv2][query] GET https://secretmanager.googleapis.com/v1/projects/more-perfect-union-newsletter/secrets/GMAIL_APP_PASSWORD/versions/latest [none]
[debug] [2026-06-06T14:31:57.307Z] <<< [apiv2][status] GET https://secretmanager.googleapis.com/v1/projects/more-perfect-union-newsletter/secrets/GMAIL_APP_PASSWORD/versions/latest 200
[debug] [2026-06-06T14:31:57.308Z] <<< [apiv2][body] GET https://secretmanager.googleapis.com/v1/projects/more-perfect-union-newsletter/secrets/GMAIL_APP_PASSWORD/versions/latest {"name":"projects/584662744129/secrets/GMAIL_APP_PASSWORD/versions/1","createTime":"2026-06-06T14:30:46.898505Z","state":"ENABLED","replicationStatus":{"automatic":{}},"etag":"\"1653969f872749\""}
[debug] [2026-06-06T14:31:57.308Z] Resolved secret version of GMAIL_APP_PASSWORD to 1.
[debug] [2026-06-06T14:31:57.334Z] <<< [apiv2][status] GET https://secretmanager.googleapis.com/v1/projects/more-perfect-union-newsletter/secrets/GMAIL_USER/versions/latest 200
[debug] [2026-06-06T14:31:57.335Z] <<< [apiv2][body] GET https://secretmanager.googleapis.com/v1/projects/more-perfect-union-newsletter/secrets/GMAIL_USER/versions/latest {"name":"projects/584662744129/secrets/GMAIL_USER/versions/1","createTime":"2026-06-06T14:30:24.219078Z","state":"ENABLED","replicationStatus":{"automatic":{}},"etag":"\"1653969e2d17c6\""}
[debug] [2026-06-06T14:31:57.335Z] Resolved secret version of GMAIL_USER to 1.
[debug] [2026-06-06T14:31:57.336Z] Checked if tokens are valid: true, expires at: 1780758677513
[debug] [2026-06-06T14:31:57.336Z] Checked if tokens are valid: true, expires at: 1780758677513
[debug] [2026-06-06T14:31:57.336Z] >>> [apiv2][query] GET https://cloudresourcemanager.googleapis.com/v1/projects/more-perfect-union-newsletter [none]
[debug] [2026-06-06T14:31:57.535Z] <<< [apiv2][status] GET https://cloudresourcemanager.googleapis.com/v1/projects/more-perfect-union-newsletter 200
[debug] [2026-06-06T14:31:57.535Z] <<< [apiv2][body] GET https://cloudresourcemanager.googleapis.com/v1/projects/more-perfect-union-newsletter {"projectNumber":"584662744129","projectId":"more-perfect-union-newsletter","lifecycleState":"ACTIVE","name":"More Perfect Union Newsletter","labels":{"firebase":"enabled","firebase-core":"disabled"},"createTime":"2026-06-06T09:55:09.313Z"}
[debug] [2026-06-06T14:31:57.535Z] Checked if tokens are valid: true, expires at: 1780758677513
[debug] [2026-06-06T14:31:57.535Z] Checked if tokens are valid: true, expires at: 1780758677513
[debug] [2026-06-06T14:31:57.536Z] >>> [apiv2][query] GET https://compute.googleapis.com/compute/v1/projects/584662744129 [none]
[debug] [2026-06-06T14:31:57.801Z] <<< [apiv2][status] GET https://compute.googleapis.com/compute/v1/projects/584662744129 403
[debug] [2026-06-06T14:31:57.801Z] <<< [apiv2][body] GET https://compute.googleapis.com/compute/v1/projects/584662744129 {"error":{"code":403,"message":"Compute Engine API has not been used in project 584662744129 before or it is disabled. Enable it by visiting https://console.developers.google.com/apis/api/compute.googleapis.com/overview?project=584662744129 then retry. If you enabled this API recently, wait a few minutes for the action to propagate to our systems and retry.","errors":[{"message":"Compute Engine API has not been used in project 584662744129 before or it is disabled. Enable it by visiting https://console.developers.google.com/apis/api/compute.googleapis.com/overview?project=584662744129 then retry. If you enabled this API recently, wait a few minutes for the action to propagate to our systems and retry.","domain":"usageLimits","reason":"accessNotConfigured","extendedHelp":"https://console.developers.google.com"}],"status":"PERMISSION_DENIED","details":[{"@type":"type.googleapis.com/google.rpc.ErrorInfo","reason":"SERVICE_DISABLED","domain":"googleapis.com","metadata":{"containerInfo":"584662744129","serviceTitle":"Compute Engine API","consumer":"projects/584662744129","activationUrl":"https://console.developers.google.com/apis/api/compute.googleapis.com/overview?project=584662744129","service":"compute.googleapis.com"}},{"@type":"type.googleapis.com/google.rpc.LocalizedMessage","locale":"en-US","message":"Compute Engine API has not been used in project 584662744129 before or it is disabled. Enable it by visiting https://console.developers.google.com/apis/api/compute.googleapis.com/overview?project=584662744129 then retry. If you enabled this API recently, wait a few minutes for the action to propagate to our systems and retry."},{"@type":"type.googleapis.com/google.rpc.Help","links":[{"description":"Google developers console API activation","url":"https://console.developers.google.com/apis/api/compute.googleapis.com/overview?project=584662744129"}]}]}}
[debug] [2026-06-06T14:31:57.802Z] unable to look up default compute service account. Falling back to 584662744129-compute@developer.gserviceaccount.com. Error: {"name":"FirebaseError","children":[],"context":{"body":{"error":{"code":403,"message":"Compute Engine API has not been used in project 584662744129 before or it is disabled. Enable it by visiting https://console.developers.google.com/apis/api/compute.googleapis.com/overview?project=584662744129 then retry. If you enabled this API recently, wait a few minutes for the action to propagate to our systems and retry.","errors":[{"message":"Compute Engine API has not been used in project 584662744129 before or it is disabled. Enable it by visiting https://console.developers.google.com/apis/api/compute.googleapis.com/overview?project=584662744129 then retry. If you enabled this API recently, wait a few minutes for the action to propagate to our systems and retry.","domain":"usageLimits","reason":"accessNotConfigured","extendedHelp":"https://console.developers.google.com"}],"status":"PERMISSION_DENIED","details":[{"@type":"type.googleapis.com/google.rpc.ErrorInfo","reason":"SERVICE_DISABLED","domain":"googleapis.com","metadata":{"containerInfo":"584662744129","serviceTitle":"Compute Engine API","consumer":"projects/584662744129","activationUrl":"https://console.developers.google.com/apis/api/compute.googleapis.com/overview?project=584662744129","service":"compute.googleapis.com"}},{"@type":"type.googleapis.com/google.rpc.LocalizedMessage","locale":"en-US","message":"Compute Engine API has not been used in project 584662744129 before or it is disabled. Enable it by visiting https://console.developers.google.com/apis/api/compute.googleapis.com/overview?project=584662744129 then retry. If you enabled this API recently, wait a few minutes for the action to propagate to our systems and retry."},{"@type":"type.googleapis.com/google.rpc.Help","links":[{"description":"Google developers console API activation","url":"https://console.developers.google.com/apis/api/compute.googleapis.com/overview?project=584662744129"}]}]}},"response":{"statusCode":403}},"exit":1,"message":"Request to https://compute.googleapis.com/compute/v1/projects/584662744129 had HTTP Error: 403, Compute Engine API has not been used in project 584662744129 before or it is disabled. Enable it by visiting https://console.developers.google.com/apis/api/compute.googleapis.com/overview?project=584662744129 then retry. If you enabled this API recently, wait a few minutes for the action to propagate to our systems and retry.","status":403}
[info] i  functions: ensuring 584662744129-compute@developer.gserviceaccount.com access to secret GMAIL_USER. 
[debug] [2026-06-06T14:31:57.803Z] Checked if tokens are valid: true, expires at: 1780758677513
[debug] [2026-06-06T14:31:57.803Z] Checked if tokens are valid: true, expires at: 1780758677513
[info] i  functions: ensuring 584662744129-compute@developer.gserviceaccount.com access to secret GMAIL_APP_PASSWORD. 
[debug] [2026-06-06T14:31:57.803Z] Checked if tokens are valid: true, expires at: 1780758677513
[debug] [2026-06-06T14:31:57.803Z] Checked if tokens are valid: true, expires at: 1780758677513
[debug] [2026-06-06T14:31:57.803Z] >>> [apiv2][query] GET https://secretmanager.googleapis.com/v1/projects/more-perfect-union-newsletter/secrets/GMAIL_USER:getIamPolicy [none]
[debug] [2026-06-06T14:31:57.803Z] >>> [apiv2][query] GET https://secretmanager.googleapis.com/v1/projects/more-perfect-union-newsletter/secrets/GMAIL_APP_PASSWORD:getIamPolicy [none]
[debug] [2026-06-06T14:31:57.950Z] <<< [apiv2][status] GET https://secretmanager.googleapis.com/v1/projects/more-perfect-union-newsletter/secrets/GMAIL_APP_PASSWORD:getIamPolicy 200
[debug] [2026-06-06T14:31:57.951Z] <<< [apiv2][body] GET https://secretmanager.googleapis.com/v1/projects/more-perfect-union-newsletter/secrets/GMAIL_APP_PASSWORD:getIamPolicy {"etag":"ACAB"}
[debug] [2026-06-06T14:31:57.951Z] Checked if tokens are valid: true, expires at: 1780758677513
[debug] [2026-06-06T14:31:57.951Z] Checked if tokens are valid: true, expires at: 1780758677513
[debug] [2026-06-06T14:31:57.951Z] >>> [apiv2][query] POST https://secretmanager.googleapis.com/v1/projects/more-perfect-union-newsletter/secrets/GMAIL_APP_PASSWORD:setIamPolicy [none]
[debug] [2026-06-06T14:31:57.951Z] >>> [apiv2][body] POST https://secretmanager.googleapis.com/v1/projects/more-perfect-union-newsletter/secrets/GMAIL_APP_PASSWORD:setIamPolicy {"policy":{"bindings":[{"role":"roles/secretmanager.secretAccessor","members":["serviceAccount:584662744129-compute@developer.gserviceaccount.com"]}]},"updateMask":"bindings"}
[debug] [2026-06-06T14:31:58.056Z] <<< [apiv2][status] GET https://secretmanager.googleapis.com/v1/projects/more-perfect-union-newsletter/secrets/GMAIL_USER:getIamPolicy 200
[debug] [2026-06-06T14:31:58.056Z] <<< [apiv2][body] GET https://secretmanager.googleapis.com/v1/projects/more-perfect-union-newsletter/secrets/GMAIL_USER:getIamPolicy {"etag":"ACAB"}
[debug] [2026-06-06T14:31:58.057Z] Checked if tokens are valid: true, expires at: 1780758677513
[debug] [2026-06-06T14:31:58.057Z] Checked if tokens are valid: true, expires at: 1780758677513
[debug] [2026-06-06T14:31:58.057Z] >>> [apiv2][query] POST https://secretmanager.googleapis.com/v1/projects/more-perfect-union-newsletter/secrets/GMAIL_USER:setIamPolicy [none]
[debug] [2026-06-06T14:31:58.057Z] >>> [apiv2][body] POST https://secretmanager.googleapis.com/v1/projects/more-perfect-union-newsletter/secrets/GMAIL_USER:setIamPolicy {"policy":{"bindings":[{"role":"roles/secretmanager.secretAccessor","members":["serviceAccount:584662744129-compute@developer.gserviceaccount.com"]}]},"updateMask":"bindings"}
[debug] [2026-06-06T14:31:58.366Z] <<< [apiv2][status] POST https://secretmanager.googleapis.com/v1/projects/more-perfect-union-newsletter/secrets/GMAIL_APP_PASSWORD:setIamPolicy 200
[debug] [2026-06-06T14:31:58.366Z] <<< [apiv2][body] POST https://secretmanager.googleapis.com/v1/projects/more-perfect-union-newsletter/secrets/GMAIL_APP_PASSWORD:setIamPolicy {"version":1,"etag":"BwZTlqPJFh4=","bindings":[{"role":"roles/secretmanager.secretAccessor","members":["serviceAccount:584662744129-compute@developer.gserviceaccount.com"]}]}
[info] ✔  secretmanager: Granted roles/secretmanager.secretAccessor on projects/more-perfect-union-newsletter/secrets/GMAIL_APP_PASSWORD to 584662744129-compute@developer.gserviceaccount.com 
[info] ✔  functions: ensured 584662744129-compute@developer.gserviceaccount.com access to GMAIL_APP_PASSWORD. 
[debug] [2026-06-06T14:31:58.467Z] <<< [apiv2][status] POST https://secretmanager.googleapis.com/v1/projects/more-perfect-union-newsletter/secrets/GMAIL_USER:setIamPolicy 200
[debug] [2026-06-06T14:31:58.467Z] <<< [apiv2][body] POST https://secretmanager.googleapis.com/v1/projects/more-perfect-union-newsletter/secrets/GMAIL_USER:setIamPolicy {"version":1,"etag":"BwZTlqPKkoE=","bindings":[{"role":"roles/secretmanager.secretAccessor","members":["serviceAccount:584662744129-compute@developer.gserviceaccount.com"]}]}
[info] ✔  secretmanager: Granted roles/secretmanager.secretAccessor on projects/more-perfect-union-newsletter/secrets/GMAIL_USER to 584662744129-compute@developer.gserviceaccount.com 
[info] ✔  functions: ensured 584662744129-compute@developer.gserviceaccount.com access to GMAIL_USER. 
[debug] [2026-06-06T14:31:58.469Z] Checked if tokens are valid: true, expires at: 1780758677513
[debug] [2026-06-06T14:31:58.469Z] Checked if tokens are valid: true, expires at: 1780758677513
[debug] [2026-06-06T14:31:58.469Z] >>> [apiv2][query] POST https://firebasehosting.googleapis.com/v1beta1/projects/-/sites/more-perfect-union-newsletter/versions [none]
[debug] [2026-06-06T14:31:58.469Z] >>> [apiv2][body] POST https://firebasehosting.googleapis.com/v1beta1/projects/-/sites/more-perfect-union-newsletter/versions {"status":"CREATED","labels":{"deployment-tool":"cli-firebase"}}
[debug] [2026-06-06T14:32:00.367Z] <<< [apiv2][status] POST https://firebasehosting.googleapis.com/v1beta1/projects/-/sites/more-perfect-union-newsletter/versions 200
[debug] [2026-06-06T14:32:00.368Z] <<< [apiv2][body] POST https://firebasehosting.googleapis.com/v1beta1/projects/-/sites/more-perfect-union-newsletter/versions {"name":"projects/584662744129/sites/more-perfect-union-newsletter/versions/450f48b3377a83ab","status":"CREATED","config":{},"labels":{"deployment-tool":"cli-firebase"}}
[debug] [2026-06-06T14:32:00.369Z] Checked if tokens are valid: true, expires at: 1780758677513
[debug] [2026-06-06T14:32:00.369Z] Checked if tokens are valid: true, expires at: 1780758677513
[debug] [2026-06-06T14:32:00.369Z] >>> [apiv2][query] GET https://cloudbilling.googleapis.com/v1/projects/more-perfect-union-newsletter/billingInfo [none]
[debug] [2026-06-06T14:32:00.601Z] <<< [apiv2][status] GET https://cloudbilling.googleapis.com/v1/projects/more-perfect-union-newsletter/billingInfo 200
[debug] [2026-06-06T14:32:00.601Z] <<< [apiv2][body] GET https://cloudbilling.googleapis.com/v1/projects/more-perfect-union-newsletter/billingInfo {"name":"projects/more-perfect-union-newsletter/billingInfo","projectId":"more-perfect-union-newsletter","billingAccountName":"billingAccounts/014B48-49AA62-B911BA","billingEnabled":true}
[debug] [2026-06-06T14:32:00.602Z] [functions] found 1 new HTTP functions, testing setIamPolicy permission...
[debug] [2026-06-06T14:32:00.603Z] Checked if tokens are valid: true, expires at: 1780758677513
[debug] [2026-06-06T14:32:00.603Z] Checked if tokens are valid: true, expires at: 1780758677513
[debug] [2026-06-06T14:32:00.603Z] >>> [apiv2][query] POST https://cloudresourcemanager.googleapis.com/v1/projects/more-perfect-union-newsletter:testIamPermissions [none]
[debug] [2026-06-06T14:32:00.603Z] >>> [apiv2][(partial)header] POST https://cloudresourcemanager.googleapis.com/v1/projects/more-perfect-union-newsletter:testIamPermissions  x-goog-user-project=more-perfect-union-newsletter
[debug] [2026-06-06T14:32:00.603Z] >>> [apiv2][body] POST https://cloudresourcemanager.googleapis.com/v1/projects/more-perfect-union-newsletter:testIamPermissions {"permissions":["cloudfunctions.functions.setIamPolicy"]}
[debug] [2026-06-06T14:32:00.682Z] <<< [apiv2][status] POST https://cloudresourcemanager.googleapis.com/v1/projects/more-perfect-union-newsletter:testIamPermissions 200
[debug] [2026-06-06T14:32:00.683Z] <<< [apiv2][body] POST https://cloudresourcemanager.googleapis.com/v1/projects/more-perfect-union-newsletter:testIamPermissions {"permissions":["cloudfunctions.functions.setIamPolicy"]}
[debug] [2026-06-06T14:32:00.683Z] [functions] found setIamPolicy permission, proceeding with deploy
[debug] [2026-06-06T14:32:00.684Z] Checked if tokens are valid: true, expires at: 1780758677513
[debug] [2026-06-06T14:32:00.684Z] Checked if tokens are valid: true, expires at: 1780758677513
[debug] [2026-06-06T14:32:00.684Z] >>> [apiv2][query] POST https://cloudfunctions.googleapis.com/v2/projects/more-perfect-union-newsletter/locations/us-central1/functions:generateUploadUrl [none]
[debug] [2026-06-06T14:32:03.159Z] <<< [apiv2][status] POST https://cloudfunctions.googleapis.com/v2/projects/more-perfect-union-newsletter/locations/us-central1/functions:generateUploadUrl 200
[debug] [2026-06-06T14:32:03.159Z] <<< [apiv2][body] POST https://cloudfunctions.googleapis.com/v2/projects/more-perfect-union-newsletter/locations/us-central1/functions:generateUploadUrl {"uploadUrl":"https://storage.googleapis.com/gcf-v2-uploads-584662744129.us-central1.cloudfunctions.appspot.com/18697dde-5e2d-4100-b862-8b96903f806b.zip?GoogleAccessId=service-584662744129@gcf-admin-robot.iam.gserviceaccount.com&Expires=1780758123&Signature=cv%2FjPFWoBlY94H0WfSIoqUenUSkB8ONDHCsgfpQ6w4iHa3FGZBOff3SMwuvtUErxmrB0%2FlfJMyBNWBVWD0SWiDhh6BqN0XgGLhg%2F5FvZ93cKIkVAgHx36SxFeuqouDOPkIPxZltKGEk%2Bfk20rYxlQtjgUZISauEgcuCuuBvsl8%2BYdy1JH5IG3OKJGf9Q1%2BqoTLMFSZcb7mIAO6EGR4tZVPqaLfc3nBE2zJASBKmp2xlcWoqqr87v8WeHhhgvASFib8uzuXMfI0c8Nq9cDQRNcvUT3yCyDOBlfg6XmGLpA%2BioOv3wW2%2FRBu8OxrODzel%2FqkRUls8M%2Ff%2ByDPUcc9jYDA%3D%3D","storageSource":{"bucket":"gcf-v2-uploads-584662744129.us-central1.cloudfunctions.appspot.com","object":"18697dde-5e2d-4100-b862-8b96903f806b.zip"}}
[debug] [2026-06-06T14:32:03.161Z] >>> [apiv2][query] PUT https://storage.googleapis.com/gcf-v2-uploads-584662744129.us-central1.cloudfunctions.appspot.com/18697dde-5e2d-4100-b862-8b96903f806b.zip GoogleAccessId=service-584662744129%40gcf-admin-robot.iam.gserviceaccount.com&Expires=1780758123&Signature=cv%2FjPFWoBlY94H0WfSIoqUenUSkB8ONDHCsgfpQ6w4iHa3FGZBOff3SMwuvtUErxmrB0%2FlfJMyBNWBVWD0SWiDhh6BqN0XgGLhg%2F5FvZ93cKIkVAgHx36SxFeuqouDOPkIPxZltKGEk%2Bfk20rYxlQtjgUZISauEgcuCuuBvsl8%2BYdy1JH5IG3OKJGf9Q1%2BqoTLMFSZcb7mIAO6EGR4tZVPqaLfc3nBE2zJASBKmp2xlcWoqqr87v8WeHhhgvASFib8uzuXMfI0c8Nq9cDQRNcvUT3yCyDOBlfg6XmGLpA%2BioOv3wW2%2FRBu8OxrODzel%2FqkRUls8M%2Ff%2ByDPUcc9jYDA%3D%3D
[debug] [2026-06-06T14:32:03.161Z] >>> [apiv2][body] PUT https://storage.googleapis.com/gcf-v2-uploads-584662744129.us-central1.cloudfunctions.appspot.com/18697dde-5e2d-4100-b862-8b96903f806b.zip [stream]
[debug] [2026-06-06T14:32:03.545Z] <<< [apiv2][status] PUT https://storage.googleapis.com/gcf-v2-uploads-584662744129.us-central1.cloudfunctions.appspot.com/18697dde-5e2d-4100-b862-8b96903f806b.zip 200
[debug] [2026-06-06T14:32:03.545Z] <<< [apiv2][body] PUT https://storage.googleapis.com/gcf-v2-uploads-584662744129.us-central1.cloudfunctions.appspot.com/18697dde-5e2d-4100-b862-8b96903f806b.zip [omitted]
[info] ✔  functions: functions source uploaded successfully 
[info] i  hosting[more-perfect-union-newsletter]: beginning deploy... 
[info] i  hosting[more-perfect-union-newsletter]: found 9 files in dist 
[debug] [2026-06-06T14:32:03.560Z] [hosting] uploading with 200 concurrency
[debug] [2026-06-06T14:32:03.584Z] Checked if tokens are valid: true, expires at: 1780758677513
[debug] [2026-06-06T14:32:03.584Z] Checked if tokens are valid: true, expires at: 1780758677513
[debug] [2026-06-06T14:32:03.584Z] [hosting] hash cache [ZGlzdA] stored for 9 files
[debug] [2026-06-06T14:32:03.584Z] [hosting][hash queue][FINAL] {"max":21,"min":4,"avg":8,"active":0,"complete":9,"success":9,"errored":0,"retried":0,"total":9,"elapsed":22}
[debug] [2026-06-06T14:32:03.584Z] >>> [apiv2][query] POST https://firebasehosting.googleapis.com/v1beta1/projects/584662744129/sites/more-perfect-union-newsletter/versions/450f48b3377a83ab:populateFiles [none]
[debug] [2026-06-06T14:32:03.584Z] >>> [apiv2][body] POST https://firebasehosting.googleapis.com/v1beta1/projects/584662744129/sites/more-perfect-union-newsletter/versions/450f48b3377a83ab:populateFiles {"files":{"/index.html":"4e224a98b83350e71d1e2b371a2fea2bebd7be5f5982cd87ccaa714642b1649d","/favicon.svg":"c6871b868e97cf4092b375c337540a757d4cd8729a9f1b366838da57526e8883","/assets/qotd-scroll.png":"2ecca4abe4ae8539a36c09e0942c938f0e5d761dea09e1f2a400a7f1f795a162","/assets/index-DcI_bNRJ.js":"0c6694d5c19a3fbb05baab1c36f1fca4feddfadf11802ccc6af0b3c4cc7db3ca","/assets/Dashboard-sal_X_y8.js":"0fdceda35697adcf9d4a6e41b262405363f032d1079c9d80479495d22b279187","/assets/index-BvpQGQGp.css":"c81580b651bf64055e01708b8412887e4d2b6c2002fbc1bfc8818f93e516f18e","/assets/header-banner.png":"073678c62dbc826387de75965b05d7b1a9b4bfa2be9636b87af08d8e67bdc918","/assets/Editor-BH_h7Uu2.js":"1abef237120f9994237e173dbf3a3101513678825d5b291013cffa42c30f6ab8","/assets/index-JiXMLbMl.js":"7ad1a6ecc8506c1e45c01caa343d657d2cd38f0bd23be2c2041bcd7a7da3a61a"}}
[debug] [2026-06-06T14:32:04.025Z] <<< [apiv2][status] POST https://firebasehosting.googleapis.com/v1beta1/projects/584662744129/sites/more-perfect-union-newsletter/versions/450f48b3377a83ab:populateFiles 200
[debug] [2026-06-06T14:32:04.025Z] <<< [apiv2][body] POST https://firebasehosting.googleapis.com/v1beta1/projects/584662744129/sites/more-perfect-union-newsletter/versions/450f48b3377a83ab:populateFiles {"uploadRequiredHashes":["c81580b651bf64055e01708b8412887e4d2b6c2002fbc1bfc8818f93e516f18e","1abef237120f9994237e173dbf3a3101513678825d5b291013cffa42c30f6ab8","0fdceda35697adcf9d4a6e41b262405363f032d1079c9d80479495d22b279187","0c6694d5c19a3fbb05baab1c36f1fca4feddfadf11802ccc6af0b3c4cc7db3ca","7ad1a6ecc8506c1e45c01caa343d657d2cd38f0bd23be2c2041bcd7a7da3a61a","4e224a98b83350e71d1e2b371a2fea2bebd7be5f5982cd87ccaa714642b1649d"],"uploadUrl":"https://upload-firebasehosting.googleapis.com/upload/sites/more-perfect-union-newsletter/versions/450f48b3377a83ab/files"}
[debug] [2026-06-06T14:32:04.026Z] Checked if tokens are valid: true, expires at: 1780758677513
[debug] [2026-06-06T14:32:04.026Z] Checked if tokens are valid: true, expires at: 1780758677513
[debug] [2026-06-06T14:32:04.027Z] Checked if tokens are valid: true, expires at: 1780758677513
[debug] [2026-06-06T14:32:04.027Z] Checked if tokens are valid: true, expires at: 1780758677513
[debug] [2026-06-06T14:32:04.027Z] Checked if tokens are valid: true, expires at: 1780758677513
[debug] [2026-06-06T14:32:04.027Z] Checked if tokens are valid: true, expires at: 1780758677513
[debug] [2026-06-06T14:32:04.027Z] Checked if tokens are valid: true, expires at: 1780758677513
[debug] [2026-06-06T14:32:04.027Z] Checked if tokens are valid: true, expires at: 1780758677513
[debug] [2026-06-06T14:32:04.027Z] Checked if tokens are valid: true, expires at: 1780758677513
[debug] [2026-06-06T14:32:04.027Z] Checked if tokens are valid: true, expires at: 1780758677513
[debug] [2026-06-06T14:32:04.027Z] Checked if tokens are valid: true, expires at: 1780758677513
[debug] [2026-06-06T14:32:04.027Z] Checked if tokens are valid: true, expires at: 1780758677513
[debug] [2026-06-06T14:32:04.027Z] >>> [apiv2][query] POST https://upload-firebasehosting.googleapis.com/upload/sites/more-perfect-union-newsletter/versions/450f48b3377a83ab/files/c81580b651bf64055e01708b8412887e4d2b6c2002fbc1bfc8818f93e516f18e [none]
[debug] [2026-06-06T14:32:04.027Z] >>> [apiv2][body] POST https://upload-firebasehosting.googleapis.com/upload/sites/more-perfect-union-newsletter/versions/450f48b3377a83ab/files/c81580b651bf64055e01708b8412887e4d2b6c2002fbc1bfc8818f93e516f18e [stream]
[debug] [2026-06-06T14:32:04.029Z] >>> [apiv2][query] POST https://upload-firebasehosting.googleapis.com/upload/sites/more-perfect-union-newsletter/versions/450f48b3377a83ab/files/1abef237120f9994237e173dbf3a3101513678825d5b291013cffa42c30f6ab8 [none]
[debug] [2026-06-06T14:32:04.030Z] >>> [apiv2][body] POST https://upload-firebasehosting.googleapis.com/upload/sites/more-perfect-union-newsletter/versions/450f48b3377a83ab/files/1abef237120f9994237e173dbf3a3101513678825d5b291013cffa42c30f6ab8 [stream]
[debug] [2026-06-06T14:32:04.030Z] >>> [apiv2][query] POST https://upload-firebasehosting.googleapis.com/upload/sites/more-perfect-union-newsletter/versions/450f48b3377a83ab/files/0fdceda35697adcf9d4a6e41b262405363f032d1079c9d80479495d22b279187 [none]
[debug] [2026-06-06T14:32:04.030Z] >>> [apiv2][body] POST https://upload-firebasehosting.googleapis.com/upload/sites/more-perfect-union-newsletter/versions/450f48b3377a83ab/files/0fdceda35697adcf9d4a6e41b262405363f032d1079c9d80479495d22b279187 [stream]
[debug] [2026-06-06T14:32:04.031Z] >>> [apiv2][query] POST https://upload-firebasehosting.googleapis.com/upload/sites/more-perfect-union-newsletter/versions/450f48b3377a83ab/files/0c6694d5c19a3fbb05baab1c36f1fca4feddfadf11802ccc6af0b3c4cc7db3ca [none]
[debug] [2026-06-06T14:32:04.031Z] >>> [apiv2][body] POST https://upload-firebasehosting.googleapis.com/upload/sites/more-perfect-union-newsletter/versions/450f48b3377a83ab/files/0c6694d5c19a3fbb05baab1c36f1fca4feddfadf11802ccc6af0b3c4cc7db3ca [stream]
[debug] [2026-06-06T14:32:04.031Z] >>> [apiv2][query] POST https://upload-firebasehosting.googleapis.com/upload/sites/more-perfect-union-newsletter/versions/450f48b3377a83ab/files/7ad1a6ecc8506c1e45c01caa343d657d2cd38f0bd23be2c2041bcd7a7da3a61a [none]
[debug] [2026-06-06T14:32:04.031Z] >>> [apiv2][body] POST https://upload-firebasehosting.googleapis.com/upload/sites/more-perfect-union-newsletter/versions/450f48b3377a83ab/files/7ad1a6ecc8506c1e45c01caa343d657d2cd38f0bd23be2c2041bcd7a7da3a61a [stream]
[debug] [2026-06-06T14:32:04.032Z] >>> [apiv2][query] POST https://upload-firebasehosting.googleapis.com/upload/sites/more-perfect-union-newsletter/versions/450f48b3377a83ab/files/4e224a98b83350e71d1e2b371a2fea2bebd7be5f5982cd87ccaa714642b1649d [none]
[debug] [2026-06-06T14:32:04.032Z] >>> [apiv2][body] POST https://upload-firebasehosting.googleapis.com/upload/sites/more-perfect-union-newsletter/versions/450f48b3377a83ab/files/4e224a98b83350e71d1e2b371a2fea2bebd7be5f5982cd87ccaa714642b1649d [stream]
[debug] [2026-06-06T14:32:04.032Z] [hosting][populate queue][FINAL] {"max":443,"min":443,"avg":443,"active":0,"complete":1,"success":1,"errored":0,"retried":0,"total":1,"elapsed":448}
[debug] [2026-06-06T14:32:04.032Z] [hosting] uploads queued: 6
[debug] [2026-06-06T14:32:04.630Z] <<< [apiv2][status] POST https://upload-firebasehosting.googleapis.com/upload/sites/more-perfect-union-newsletter/versions/450f48b3377a83ab/files/1abef237120f9994237e173dbf3a3101513678825d5b291013cffa42c30f6ab8 200
[debug] [2026-06-06T14:32:04.631Z] <<< [apiv2][body] POST https://upload-firebasehosting.googleapis.com/upload/sites/more-perfect-union-newsletter/versions/450f48b3377a83ab/files/1abef237120f9994237e173dbf3a3101513678825d5b291013cffa42c30f6ab8 [stream]
[debug] [2026-06-06T14:32:04.664Z] <<< [apiv2][status] POST https://upload-firebasehosting.googleapis.com/upload/sites/more-perfect-union-newsletter/versions/450f48b3377a83ab/files/4e224a98b83350e71d1e2b371a2fea2bebd7be5f5982cd87ccaa714642b1649d 200
[debug] [2026-06-06T14:32:04.664Z] <<< [apiv2][body] POST https://upload-firebasehosting.googleapis.com/upload/sites/more-perfect-union-newsletter/versions/450f48b3377a83ab/files/4e224a98b83350e71d1e2b371a2fea2bebd7be5f5982cd87ccaa714642b1649d [stream]
[debug] [2026-06-06T14:32:04.680Z] <<< [apiv2][status] POST https://upload-firebasehosting.googleapis.com/upload/sites/more-perfect-union-newsletter/versions/450f48b3377a83ab/files/0c6694d5c19a3fbb05baab1c36f1fca4feddfadf11802ccc6af0b3c4cc7db3ca 200
[debug] [2026-06-06T14:32:04.681Z] <<< [apiv2][body] POST https://upload-firebasehosting.googleapis.com/upload/sites/more-perfect-union-newsletter/versions/450f48b3377a83ab/files/0c6694d5c19a3fbb05baab1c36f1fca4feddfadf11802ccc6af0b3c4cc7db3ca [stream]
[debug] [2026-06-06T14:32:04.699Z] <<< [apiv2][status] POST https://upload-firebasehosting.googleapis.com/upload/sites/more-perfect-union-newsletter/versions/450f48b3377a83ab/files/0fdceda35697adcf9d4a6e41b262405363f032d1079c9d80479495d22b279187 200
[debug] [2026-06-06T14:32:04.699Z] <<< [apiv2][body] POST https://upload-firebasehosting.googleapis.com/upload/sites/more-perfect-union-newsletter/versions/450f48b3377a83ab/files/0fdceda35697adcf9d4a6e41b262405363f032d1079c9d80479495d22b279187 [stream]
[debug] [2026-06-06T14:32:04.862Z] <<< [apiv2][status] POST https://upload-firebasehosting.googleapis.com/upload/sites/more-perfect-union-newsletter/versions/450f48b3377a83ab/files/7ad1a6ecc8506c1e45c01caa343d657d2cd38f0bd23be2c2041bcd7a7da3a61a 200
[debug] [2026-06-06T14:32:04.862Z] <<< [apiv2][body] POST https://upload-firebasehosting.googleapis.com/upload/sites/more-perfect-union-newsletter/versions/450f48b3377a83ab/files/7ad1a6ecc8506c1e45c01caa343d657d2cd38f0bd23be2c2041bcd7a7da3a61a [stream]
[debug] [2026-06-06T14:32:04.908Z] <<< [apiv2][status] POST https://upload-firebasehosting.googleapis.com/upload/sites/more-perfect-union-newsletter/versions/450f48b3377a83ab/files/c81580b651bf64055e01708b8412887e4d2b6c2002fbc1bfc8818f93e516f18e 200
[debug] [2026-06-06T14:32:04.909Z] <<< [apiv2][body] POST https://upload-firebasehosting.googleapis.com/upload/sites/more-perfect-union-newsletter/versions/450f48b3377a83ab/files/c81580b651bf64055e01708b8412887e4d2b6c2002fbc1bfc8818f93e516f18e [stream]
[debug] [2026-06-06T14:32:04.909Z] [hosting][upload queue][FINAL] {"max":884,"min":605,"avg":714.6666666666666,"active":0,"complete":6,"success":6,"errored":0,"retried":0,"total":6,"elapsed":884}
[info] ✔  hosting[more-perfect-union-newsletter]: file upload complete 
[debug] [2026-06-06T14:32:04.910Z] [hosting] deploy completed after 1362ms
[info] i  functions: creating Node.js 20 (2nd Gen) function sendTest(us-central1)... 
[debug] [2026-06-06T14:32:04.913Z] Checked if tokens are valid: true, expires at: 1780758677513
[debug] [2026-06-06T14:32:04.913Z] Checked if tokens are valid: true, expires at: 1780758677513
[debug] [2026-06-06T14:32:04.913Z] >>> [apiv2][query] POST https://cloudfunctions.googleapis.com/v2/projects/more-perfect-union-newsletter/locations/us-central1/functions functionId=sendTest
[debug] [2026-06-06T14:32:04.913Z] >>> [apiv2][body] POST https://cloudfunctions.googleapis.com/v2/projects/more-perfect-union-newsletter/locations/us-central1/functions {"name":"projects/more-perfect-union-newsletter/locations/us-central1/functions/sendTest","buildConfig":{"runtime":"nodejs20","entryPoint":"sendTest","source":{"storageSource":{"bucket":"gcf-v2-uploads-584662744129.us-central1.cloudfunctions.appspot.com","object":"18697dde-5e2d-4100-b862-8b96903f806b.zip"}},"environmentVariables":{"GOOGLE_NODE_RUN_SCRIPTS":""}},"serviceConfig":{"environmentVariables":{"FIREBASE_CONFIG":"{\"projectId\":\"more-perfect-union-newsletter\",\"storageBucket\":\"more-perfect-union-newsletter.firebasestorage.app\"}","GCLOUD_PROJECT":"more-perfect-union-newsletter","EVENTARC_CLOUD_EVENT_SOURCE":"projects/more-perfect-union-newsletter/locations/us-central1/services/sendTest","FUNCTION_TARGET":"sendTest","LOG_EXECUTION_ID":"true"},"secretEnvironmentVariables":[{"key":"GMAIL_USER","secret":"GMAIL_USER","projectId":"more-perfect-union-newsletter","version":"1"},{"key":"GMAIL_APP_PASSWORD","secret":"GMAIL_APP_PASSWORD","projectId":"more-perfect-union-newsletter","version":"1"}],"ingressSettings":null,"timeoutSeconds":null,"serviceAccountEmail":null,"availableMemory":"256Mi","minInstanceCount":null,"maxInstanceCount":null,"maxInstanceRequestConcurrency":80,"availableCpu":"1","vpcConnector":null,"vpcConnectorEgressSettings":null},"labels":{"deployment-tool":"cli-firebase","firebase-functions-hash":"2152512266b17bb0d41057fe41ebb0294bd19789"}}
[debug] [2026-06-06T14:32:06.739Z] <<< [apiv2][status] POST https://cloudfunctions.googleapis.com/v2/projects/more-perfect-union-newsletter/locations/us-central1/functions 200
[debug] [2026-06-06T14:32:06.739Z] <<< [apiv2][body] POST https://cloudfunctions.googleapis.com/v2/projects/more-perfect-union-newsletter/locations/us-central1/functions {"name":"projects/more-perfect-union-newsletter/locations/us-central1/operations/operation-1780756325131-65396a430e2fa-e0eed908-963201c1","metadata":{"@type":"type.googleapis.com/google.cloud.functions.v2.OperationMetadata","createTime":"2026-06-06T14:32:06.702738791Z","target":"projects/more-perfect-union-newsletter/locations/us-central1/functions/sendTest","verb":"create","cancelRequested":false,"apiVersion":"v2"},"done":false}
[debug] [2026-06-06T14:32:06.739Z] Checked if tokens are valid: true, expires at: 1780758677513
[debug] [2026-06-06T14:32:06.739Z] Checked if tokens are valid: true, expires at: 1780758677513
[debug] [2026-06-06T14:32:06.740Z] >>> [apiv2][query] GET https://cloudfunctions.googleapis.com/v2/projects/more-perfect-union-newsletter/locations/us-central1/operations/operation-1780756325131-65396a430e2fa-e0eed908-963201c1 [none]
[debug] [2026-06-06T14:32:06.980Z] <<< [apiv2][status] GET https://cloudfunctions.googleapis.com/v2/projects/more-perfect-union-newsletter/locations/us-central1/operations/operation-1780756325131-65396a430e2fa-e0eed908-963201c1 200
[debug] [2026-06-06T14:32:06.980Z] <<< [apiv2][body] GET https://cloudfunctions.googleapis.com/v2/projects/more-perfect-union-newsletter/locations/us-central1/operations/operation-1780756325131-65396a430e2fa-e0eed908-963201c1 {"name":"projects/more-perfect-union-newsletter/locations/us-central1/operations/operation-1780756325131-65396a430e2fa-e0eed908-963201c1","metadata":{"@type":"type.googleapis.com/google.cloud.functions.v2.OperationMetadata","createTime":"2026-06-06T14:32:06.702738791Z","target":"projects/more-perfect-union-newsletter/locations/us-central1/functions/sendTest","verb":"create","cancelRequested":false,"apiVersion":"v2","requestResource":{"@type":"type.googleapis.com/google.cloud.functions.v2.Function","name":"projects/more-perfect-union-newsletter/locations/us-central1/functions/sendTest","buildConfig":{"runtime":"nodejs20","entryPoint":"sendTest","source":{"storageSource":{"bucket":"gcf-v2-sources-584662744129-us-central1","object":"sendTest/function-source.zip","generation":"1780756326327025"}},"environmentVariables":{"GOOGLE_NODE_RUN_SCRIPTS":""},"serviceAccount":"projects/more-perfect-union-newsletter/serviceAccounts/584662744129-compute@developer.gserviceaccount.com","automaticUpdatePolicy":{}},"serviceConfig":{"service":"projects/more-perfect-union-newsletter/locations/us-central1/services/sendtest","timeoutSeconds":60,"environmentVariables":{"FIREBASE_CONFIG":"{\"projectId\":\"more-perfect-union-newsletter\",\"storageBucket\":\"more-perfect-union-newsletter.firebasestorage.app\"}","GCLOUD_PROJECT":"more-perfect-union-newsletter","EVENTARC_CLOUD_EVENT_SOURCE":"projects/more-perfect-union-newsletter/locations/us-central1/services/sendTest","FUNCTION_TARGET":"sendTest","LOG_EXECUTION_ID":"true"},"ingressSettings":"ALLOW_ALL","serviceAccountEmail":"584662744129-compute@developer.gserviceaccount.com","availableMemory":"256Mi","secretEnvironmentVariables":[{"key":"GMAIL_USER","projectId":"more-perfect-union-newsletter","secret":"GMAIL_USER","version":"1"},{"key":"GMAIL_APP_PASSWORD","projectId":"more-perfect-union-newsletter","secret":"GMAIL_APP_PASSWORD","version":"1"}],"maxInstanceRequestConcurrency":80,"availableCpu":"1"},"labels":{"deployment-tool":"cli-firebase","firebase-functions-hash":"2152512266b17bb0d41057fe41ebb0294bd19789"},"environment":"GEN_2"},"stages":[{"name":"BUILD","state":"NOT_STARTED","stateMessages":[{"severity":"WARNING","type":"BuildAnalysisWarning","message":"Node.js 20 is no longer supported by the Node.js community as of 30 April, 2026. Runtime nodejs20 is currently deprecated for Cloud Functions. We recommend you to upgrade to the latest version of Node.js as soon as possible."}]},{"name":"SERVICE","state":"NOT_STARTED"}],"operationType":"CREATE_FUNCTION"},"done":false}
[debug] [2026-06-06T14:32:07.481Z] [create-default-us-central1-sendTest] Retrying task index 0
[debug] [2026-06-06T14:32:07.482Z] Checked if tokens are valid: true, expires at: 1780758677513
[debug] [2026-06-06T14:32:07.482Z] Checked if tokens are valid: true, expires at: 1780758677513
[debug] [2026-06-06T14:32:07.482Z] >>> [apiv2][query] GET https://cloudfunctions.googleapis.com/v2/projects/more-perfect-union-newsletter/locations/us-central1/operations/operation-1780756325131-65396a430e2fa-e0eed908-963201c1 [none]
[debug] [2026-06-06T14:32:07.606Z] <<< [apiv2][status] GET https://cloudfunctions.googleapis.com/v2/projects/more-perfect-union-newsletter/locations/us-central1/operations/operation-1780756325131-65396a430e2fa-e0eed908-963201c1 200
[debug] [2026-06-06T14:32:07.607Z] <<< [apiv2][body] GET https://cloudfunctions.googleapis.com/v2/projects/more-perfect-union-newsletter/locations/us-central1/operations/operation-1780756325131-65396a430e2fa-e0eed908-963201c1 {"name":"projects/more-perfect-union-newsletter/locations/us-central1/operations/operation-1780756325131-65396a430e2fa-e0eed908-963201c1","metadata":{"@type":"type.googleapis.com/google.cloud.functions.v2.OperationMetadata","createTime":"2026-06-06T14:32:06.702738791Z","target":"projects/more-perfect-union-newsletter/locations/us-central1/functions/sendTest","verb":"create","cancelRequested":false,"apiVersion":"v2","requestResource":{"@type":"type.googleapis.com/google.cloud.functions.v2.Function","name":"projects/more-perfect-union-newsletter/locations/us-central1/functions/sendTest","buildConfig":{"runtime":"nodejs20","entryPoint":"sendTest","source":{"storageSource":{"bucket":"gcf-v2-sources-584662744129-us-central1","object":"sendTest/function-source.zip","generation":"1780756326327025"}},"environmentVariables":{"GOOGLE_NODE_RUN_SCRIPTS":""},"serviceAccount":"projects/more-perfect-union-newsletter/serviceAccounts/584662744129-compute@developer.gserviceaccount.com","automaticUpdatePolicy":{}},"serviceConfig":{"service":"projects/more-perfect-union-newsletter/locations/us-central1/services/sendtest","timeoutSeconds":60,"environmentVariables":{"FIREBASE_CONFIG":"{\"projectId\":\"more-perfect-union-newsletter\",\"storageBucket\":\"more-perfect-union-newsletter.firebasestorage.app\"}","GCLOUD_PROJECT":"more-perfect-union-newsletter","EVENTARC_CLOUD_EVENT_SOURCE":"projects/more-perfect-union-newsletter/locations/us-central1/services/sendTest","FUNCTION_TARGET":"sendTest","LOG_EXECUTION_ID":"true"},"ingressSettings":"ALLOW_ALL","serviceAccountEmail":"584662744129-compute@developer.gserviceaccount.com","availableMemory":"256Mi","secretEnvironmentVariables":[{"key":"GMAIL_USER","projectId":"more-perfect-union-newsletter","secret":"GMAIL_USER","version":"1"},{"key":"GMAIL_APP_PASSWORD","projectId":"more-perfect-union-newsletter","secret":"GMAIL_APP_PASSWORD","version":"1"}],"maxInstanceRequestConcurrency":80,"availableCpu":"1"},"labels":{"deployment-tool":"cli-firebase","firebase-functions-hash":"2152512266b17bb0d41057fe41ebb0294bd19789"},"environment":"GEN_2"},"stages":[{"name":"BUILD","state":"NOT_STARTED","stateMessages":[{"severity":"WARNING","type":"BuildAnalysisWarning","message":"Node.js 20 is no longer supported by the Node.js community as of 30 April, 2026. Runtime nodejs20 is currently deprecated for Cloud Functions. We recommend you to upgrade to the latest version of Node.js as soon as possible."}]},{"name":"SERVICE","state":"NOT_STARTED"}],"operationType":"CREATE_FUNCTION"},"done":false}
[debug] [2026-06-06T14:32:08.608Z] [create-default-us-central1-sendTest] Retrying task index 0
[debug] [2026-06-06T14:32:08.608Z] Checked if tokens are valid: true, expires at: 1780758677513
[debug] [2026-06-06T14:32:08.608Z] Checked if tokens are valid: true, expires at: 1780758677513
[debug] [2026-06-06T14:32:08.609Z] >>> [apiv2][query] GET https://cloudfunctions.googleapis.com/v2/projects/more-perfect-union-newsletter/locations/us-central1/operations/operation-1780756325131-65396a430e2fa-e0eed908-963201c1 [none]
[debug] [2026-06-06T14:32:08.846Z] <<< [apiv2][status] GET https://cloudfunctions.googleapis.com/v2/projects/more-perfect-union-newsletter/locations/us-central1/operations/operation-1780756325131-65396a430e2fa-e0eed908-963201c1 200
[debug] [2026-06-06T14:32:08.846Z] <<< [apiv2][body] GET https://cloudfunctions.googleapis.com/v2/projects/more-perfect-union-newsletter/locations/us-central1/operations/operation-1780756325131-65396a430e2fa-e0eed908-963201c1 {"name":"projects/more-perfect-union-newsletter/locations/us-central1/operations/operation-1780756325131-65396a430e2fa-e0eed908-963201c1","metadata":{"@type":"type.googleapis.com/google.cloud.functions.v2.OperationMetadata","createTime":"2026-06-06T14:32:06.702738791Z","target":"projects/more-perfect-union-newsletter/locations/us-central1/functions/sendTest","verb":"create","cancelRequested":false,"apiVersion":"v2","requestResource":{"@type":"type.googleapis.com/google.cloud.functions.v2.Function","name":"projects/more-perfect-union-newsletter/locations/us-central1/functions/sendTest","buildConfig":{"runtime":"nodejs20","entryPoint":"sendTest","source":{"storageSource":{"bucket":"gcf-v2-sources-584662744129-us-central1","object":"sendTest/function-source.zip","generation":"1780756326327025"}},"environmentVariables":{"GOOGLE_NODE_RUN_SCRIPTS":""},"serviceAccount":"projects/more-perfect-union-newsletter/serviceAccounts/584662744129-compute@developer.gserviceaccount.com","automaticUpdatePolicy":{}},"serviceConfig":{"service":"projects/more-perfect-union-newsletter/locations/us-central1/services/sendtest","timeoutSeconds":60,"environmentVariables":{"FIREBASE_CONFIG":"{\"projectId\":\"more-perfect-union-newsletter\",\"storageBucket\":\"more-perfect-union-newsletter.firebasestorage.app\"}","GCLOUD_PROJECT":"more-perfect-union-newsletter","EVENTARC_CLOUD_EVENT_SOURCE":"projects/more-perfect-union-newsletter/locations/us-central1/services/sendTest","FUNCTION_TARGET":"sendTest","LOG_EXECUTION_ID":"true"},"ingressSettings":"ALLOW_ALL","serviceAccountEmail":"584662744129-compute@developer.gserviceaccount.com","availableMemory":"256Mi","secretEnvironmentVariables":[{"key":"GMAIL_USER","projectId":"more-perfect-union-newsletter","secret":"GMAIL_USER","version":"1"},{"key":"GMAIL_APP_PASSWORD","projectId":"more-perfect-union-newsletter","secret":"GMAIL_APP_PASSWORD","version":"1"}],"maxInstanceRequestConcurrency":80,"availableCpu":"1"},"labels":{"deployment-tool":"cli-firebase","firebase-functions-hash":"2152512266b17bb0d41057fe41ebb0294bd19789"},"environment":"GEN_2"},"stages":[{"name":"BUILD","state":"NOT_STARTED","stateMessages":[{"severity":"WARNING","type":"BuildAnalysisWarning","message":"Node.js 20 is no longer supported by the Node.js community as of 30 April, 2026. Runtime nodejs20 is currently deprecated for Cloud Functions. We recommend you to upgrade to the latest version of Node.js as soon as possible."}]},{"name":"SERVICE","state":"NOT_STARTED"}],"operationType":"CREATE_FUNCTION"},"done":false}
[debug] [2026-06-06T14:32:10.848Z] [create-default-us-central1-sendTest] Retrying task index 0
[debug] [2026-06-06T14:32:10.849Z] Checked if tokens are valid: true, expires at: 1780758677513
[debug] [2026-06-06T14:32:10.849Z] Checked if tokens are valid: true, expires at: 1780758677513
[debug] [2026-06-06T14:32:10.849Z] >>> [apiv2][query] GET https://cloudfunctions.googleapis.com/v2/projects/more-perfect-union-newsletter/locations/us-central1/operations/operation-1780756325131-65396a430e2fa-e0eed908-963201c1 [none]
[debug] [2026-06-06T14:32:11.089Z] <<< [apiv2][status] GET https://cloudfunctions.googleapis.com/v2/projects/more-perfect-union-newsletter/locations/us-central1/operations/operation-1780756325131-65396a430e2fa-e0eed908-963201c1 200
[debug] [2026-06-06T14:32:11.090Z] <<< [apiv2][body] GET https://cloudfunctions.googleapis.com/v2/projects/more-perfect-union-newsletter/locations/us-central1/operations/operation-1780756325131-65396a430e2fa-e0eed908-963201c1 {"name":"projects/more-perfect-union-newsletter/locations/us-central1/operations/operation-1780756325131-65396a430e2fa-e0eed908-963201c1","metadata":{"@type":"type.googleapis.com/google.cloud.functions.v2.OperationMetadata","createTime":"2026-06-06T14:32:06.702738791Z","target":"projects/more-perfect-union-newsletter/locations/us-central1/functions/sendTest","verb":"create","cancelRequested":false,"apiVersion":"v2","requestResource":{"@type":"type.googleapis.com/google.cloud.functions.v2.Function","name":"projects/more-perfect-union-newsletter/locations/us-central1/functions/sendTest","buildConfig":{"runtime":"nodejs20","entryPoint":"sendTest","source":{"storageSource":{"bucket":"gcf-v2-sources-584662744129-us-central1","object":"sendTest/function-source.zip","generation":"1780756326327025"}},"environmentVariables":{"GOOGLE_NODE_RUN_SCRIPTS":""},"serviceAccount":"projects/more-perfect-union-newsletter/serviceAccounts/584662744129-compute@developer.gserviceaccount.com","automaticUpdatePolicy":{}},"serviceConfig":{"service":"projects/more-perfect-union-newsletter/locations/us-central1/services/sendtest","timeoutSeconds":60,"environmentVariables":{"FIREBASE_CONFIG":"{\"projectId\":\"more-perfect-union-newsletter\",\"storageBucket\":\"more-perfect-union-newsletter.firebasestorage.app\"}","GCLOUD_PROJECT":"more-perfect-union-newsletter","EVENTARC_CLOUD_EVENT_SOURCE":"projects/more-perfect-union-newsletter/locations/us-central1/services/sendTest","FUNCTION_TARGET":"sendTest","LOG_EXECUTION_ID":"true"},"ingressSettings":"ALLOW_ALL","serviceAccountEmail":"584662744129-compute@developer.gserviceaccount.com","availableMemory":"256Mi","secretEnvironmentVariables":[{"key":"GMAIL_USER","projectId":"more-perfect-union-newsletter","secret":"GMAIL_USER","version":"1"},{"key":"GMAIL_APP_PASSWORD","projectId":"more-perfect-union-newsletter","secret":"GMAIL_APP_PASSWORD","version":"1"}],"maxInstanceRequestConcurrency":80,"availableCpu":"1"},"labels":{"deployment-tool":"cli-firebase","firebase-functions-hash":"2152512266b17bb0d41057fe41ebb0294bd19789"},"environment":"GEN_2"},"stages":[{"name":"BUILD","state":"NOT_STARTED","stateMessages":[{"severity":"WARNING","type":"BuildAnalysisWarning","message":"Node.js 20 is no longer supported by the Node.js community as of 30 April, 2026. Runtime nodejs20 is currently deprecated for Cloud Functions. We recommend you to upgrade to the latest version of Node.js as soon as possible."}]},{"name":"SERVICE","state":"NOT_STARTED"}],"operationType":"CREATE_FUNCTION"},"done":false}
[debug] [2026-06-06T14:32:15.091Z] [create-default-us-central1-sendTest] Retrying task index 0
[debug] [2026-06-06T14:32:15.091Z] Checked if tokens are valid: true, expires at: 1780758677513
[debug] [2026-06-06T14:32:15.091Z] Checked if tokens are valid: true, expires at: 1780758677513
[debug] [2026-06-06T14:32:15.091Z] >>> [apiv2][query] GET https://cloudfunctions.googleapis.com/v2/projects/more-perfect-union-newsletter/locations/us-central1/operations/operation-1780756325131-65396a430e2fa-e0eed908-963201c1 [none]
[debug] [2026-06-06T14:32:15.311Z] <<< [apiv2][status] GET https://cloudfunctions.googleapis.com/v2/projects/more-perfect-union-newsletter/locations/us-central1/operations/operation-1780756325131-65396a430e2fa-e0eed908-963201c1 200
[debug] [2026-06-06T14:32:15.311Z] <<< [apiv2][body] GET https://cloudfunctions.googleapis.com/v2/projects/more-perfect-union-newsletter/locations/us-central1/operations/operation-1780756325131-65396a430e2fa-e0eed908-963201c1 {"name":"projects/more-perfect-union-newsletter/locations/us-central1/operations/operation-1780756325131-65396a430e2fa-e0eed908-963201c1","metadata":{"@type":"type.googleapis.com/google.cloud.functions.v2.OperationMetadata","createTime":"2026-06-06T14:32:06.702738791Z","target":"projects/more-perfect-union-newsletter/locations/us-central1/functions/sendTest","verb":"create","cancelRequested":false,"apiVersion":"v2","requestResource":{"@type":"type.googleapis.com/google.cloud.functions.v2.Function","name":"projects/more-perfect-union-newsletter/locations/us-central1/functions/sendTest","buildConfig":{"runtime":"nodejs20","entryPoint":"sendTest","source":{"storageSource":{"bucket":"gcf-v2-sources-584662744129-us-central1","object":"sendTest/function-source.zip","generation":"1780756326327025"}},"environmentVariables":{"GOOGLE_NODE_RUN_SCRIPTS":""},"serviceAccount":"projects/more-perfect-union-newsletter/serviceAccounts/584662744129-compute@developer.gserviceaccount.com","automaticUpdatePolicy":{}},"serviceConfig":{"service":"projects/more-perfect-union-newsletter/locations/us-central1/services/sendtest","timeoutSeconds":60,"environmentVariables":{"FIREBASE_CONFIG":"{\"projectId\":\"more-perfect-union-newsletter\",\"storageBucket\":\"more-perfect-union-newsletter.firebasestorage.app\"}","GCLOUD_PROJECT":"more-perfect-union-newsletter","EVENTARC_CLOUD_EVENT_SOURCE":"projects/more-perfect-union-newsletter/locations/us-central1/services/sendTest","FUNCTION_TARGET":"sendTest","LOG_EXECUTION_ID":"true"},"ingressSettings":"ALLOW_ALL","serviceAccountEmail":"584662744129-compute@developer.gserviceaccount.com","availableMemory":"256Mi","secretEnvironmentVariables":[{"key":"GMAIL_USER","projectId":"more-perfect-union-newsletter","secret":"GMAIL_USER","version":"1"},{"key":"GMAIL_APP_PASSWORD","projectId":"more-perfect-union-newsletter","secret":"GMAIL_APP_PASSWORD","version":"1"}],"maxInstanceRequestConcurrency":80,"availableCpu":"1"},"labels":{"deployment-tool":"cli-firebase","firebase-functions-hash":"2152512266b17bb0d41057fe41ebb0294bd19789"},"environment":"GEN_2"},"stages":[{"name":"BUILD","state":"NOT_STARTED","stateMessages":[{"severity":"WARNING","type":"BuildAnalysisWarning","message":"Node.js 20 is no longer supported by the Node.js community as of 30 April, 2026. Runtime nodejs20 is currently deprecated for Cloud Functions. We recommend you to upgrade to the latest version of Node.js as soon as possible."}]},{"name":"SERVICE","state":"NOT_STARTED"}],"operationType":"CREATE_FUNCTION"},"done":false}
[debug] [2026-06-06T14:32:23.312Z] [create-default-us-central1-sendTest] Retrying task index 0
[debug] [2026-06-06T14:32:23.312Z] Checked if tokens are valid: true, expires at: 1780758677513
[debug] [2026-06-06T14:32:23.312Z] Checked if tokens are valid: true, expires at: 1780758677513
[debug] [2026-06-06T14:32:23.313Z] >>> [apiv2][query] GET https://cloudfunctions.googleapis.com/v2/projects/more-perfect-union-newsletter/locations/us-central1/operations/operation-1780756325131-65396a430e2fa-e0eed908-963201c1 [none]
[debug] [2026-06-06T14:32:23.480Z] <<< [apiv2][status] GET https://cloudfunctions.googleapis.com/v2/projects/more-perfect-union-newsletter/locations/us-central1/operations/operation-1780756325131-65396a430e2fa-e0eed908-963201c1 200
[debug] [2026-06-06T14:32:23.480Z] <<< [apiv2][body] GET https://cloudfunctions.googleapis.com/v2/projects/more-perfect-union-newsletter/locations/us-central1/operations/operation-1780756325131-65396a430e2fa-e0eed908-963201c1 {"name":"projects/more-perfect-union-newsletter/locations/us-central1/operations/operation-1780756325131-65396a430e2fa-e0eed908-963201c1","metadata":{"@type":"type.googleapis.com/google.cloud.functions.v2.OperationMetadata","createTime":"2026-06-06T14:32:06.702738791Z","target":"projects/more-perfect-union-newsletter/locations/us-central1/functions/sendTest","verb":"create","cancelRequested":false,"apiVersion":"v2","requestResource":{"@type":"type.googleapis.com/google.cloud.functions.v2.Function","name":"projects/more-perfect-union-newsletter/locations/us-central1/functions/sendTest","buildConfig":{"runtime":"nodejs20","entryPoint":"sendTest","source":{"storageSource":{"bucket":"gcf-v2-sources-584662744129-us-central1","object":"sendTest/function-source.zip","generation":"1780756326327025"}},"environmentVariables":{"GOOGLE_NODE_RUN_SCRIPTS":""},"serviceAccount":"projects/more-perfect-union-newsletter/serviceAccounts/584662744129-compute@developer.gserviceaccount.com","automaticUpdatePolicy":{}},"serviceConfig":{"service":"projects/more-perfect-union-newsletter/locations/us-central1/services/sendtest","timeoutSeconds":60,"environmentVariables":{"FIREBASE_CONFIG":"{\"projectId\":\"more-perfect-union-newsletter\",\"storageBucket\":\"more-perfect-union-newsletter.firebasestorage.app\"}","GCLOUD_PROJECT":"more-perfect-union-newsletter","EVENTARC_CLOUD_EVENT_SOURCE":"projects/more-perfect-union-newsletter/locations/us-central1/services/sendTest","FUNCTION_TARGET":"sendTest","LOG_EXECUTION_ID":"true"},"ingressSettings":"ALLOW_ALL","serviceAccountEmail":"584662744129-compute@developer.gserviceaccount.com","availableMemory":"256Mi","secretEnvironmentVariables":[{"key":"GMAIL_USER","projectId":"more-perfect-union-newsletter","secret":"GMAIL_USER","version":"1"},{"key":"GMAIL_APP_PASSWORD","projectId":"more-perfect-union-newsletter","secret":"GMAIL_APP_PASSWORD","version":"1"}],"maxInstanceRequestConcurrency":80,"availableCpu":"1"},"labels":{"deployment-tool":"cli-firebase","firebase-functions-hash":"2152512266b17bb0d41057fe41ebb0294bd19789"},"environment":"GEN_2"},"stages":[{"name":"BUILD","state":"NOT_STARTED","stateMessages":[{"severity":"WARNING","type":"BuildAnalysisWarning","message":"Node.js 20 is no longer supported by the Node.js community as of 30 April, 2026. Runtime nodejs20 is currently deprecated for Cloud Functions. We recommend you to upgrade to the latest version of Node.js as soon as possible."}]},{"name":"SERVICE","state":"NOT_STARTED"}],"operationType":"CREATE_FUNCTION"},"done":false}
[debug] [2026-06-06T14:32:33.481Z] [create-default-us-central1-sendTest] Retrying task index 0
[debug] [2026-06-06T14:32:33.482Z] Checked if tokens are valid: true, expires at: 1780758677513
[debug] [2026-06-06T14:32:33.482Z] Checked if tokens are valid: true, expires at: 1780758677513
[debug] [2026-06-06T14:32:33.482Z] >>> [apiv2][query] GET https://cloudfunctions.googleapis.com/v2/projects/more-perfect-union-newsletter/locations/us-central1/operations/operation-1780756325131-65396a430e2fa-e0eed908-963201c1 [none]
[debug] [2026-06-06T14:32:33.764Z] <<< [apiv2][status] GET https://cloudfunctions.googleapis.com/v2/projects/more-perfect-union-newsletter/locations/us-central1/operations/operation-1780756325131-65396a430e2fa-e0eed908-963201c1 200
[debug] [2026-06-06T14:32:33.765Z] <<< [apiv2][body] GET https://cloudfunctions.googleapis.com/v2/projects/more-perfect-union-newsletter/locations/us-central1/operations/operation-1780756325131-65396a430e2fa-e0eed908-963201c1 {"name":"projects/more-perfect-union-newsletter/locations/us-central1/operations/operation-1780756325131-65396a430e2fa-e0eed908-963201c1","metadata":{"@type":"type.googleapis.com/google.cloud.functions.v2.OperationMetadata","createTime":"2026-06-06T14:32:06.702738791Z","target":"projects/more-perfect-union-newsletter/locations/us-central1/functions/sendTest","verb":"create","cancelRequested":false,"apiVersion":"v2","requestResource":{"@type":"type.googleapis.com/google.cloud.functions.v2.Function","name":"projects/more-perfect-union-newsletter/locations/us-central1/functions/sendTest","buildConfig":{"runtime":"nodejs20","entryPoint":"sendTest","source":{"storageSource":{"bucket":"gcf-v2-sources-584662744129-us-central1","object":"sendTest/function-source.zip","generation":"1780756326327025"}},"environmentVariables":{"GOOGLE_NODE_RUN_SCRIPTS":""},"serviceAccount":"projects/more-perfect-union-newsletter/serviceAccounts/584662744129-compute@developer.gserviceaccount.com","automaticUpdatePolicy":{}},"serviceConfig":{"service":"projects/more-perfect-union-newsletter/locations/us-central1/services/sendtest","timeoutSeconds":60,"environmentVariables":{"FIREBASE_CONFIG":"{\"projectId\":\"more-perfect-union-newsletter\",\"storageBucket\":\"more-perfect-union-newsletter.firebasestorage.app\"}","GCLOUD_PROJECT":"more-perfect-union-newsletter","EVENTARC_CLOUD_EVENT_SOURCE":"projects/more-perfect-union-newsletter/locations/us-central1/services/sendTest","FUNCTION_TARGET":"sendTest","LOG_EXECUTION_ID":"true"},"ingressSettings":"ALLOW_ALL","serviceAccountEmail":"584662744129-compute@developer.gserviceaccount.com","availableMemory":"256Mi","secretEnvironmentVariables":[{"key":"GMAIL_USER","projectId":"more-perfect-union-newsletter","secret":"GMAIL_USER","version":"1"},{"key":"GMAIL_APP_PASSWORD","projectId":"more-perfect-union-newsletter","secret":"GMAIL_APP_PASSWORD","version":"1"}],"maxInstanceRequestConcurrency":80,"availableCpu":"1"},"labels":{"deployment-tool":"cli-firebase","firebase-functions-hash":"2152512266b17bb0d41057fe41ebb0294bd19789"},"environment":"GEN_2"},"stages":[{"name":"BUILD","state":"NOT_STARTED","stateMessages":[{"severity":"WARNING","type":"BuildAnalysisWarning","message":"Node.js 20 is no longer supported by the Node.js community as of 30 April, 2026. Runtime nodejs20 is currently deprecated for Cloud Functions. We recommend you to upgrade to the latest version of Node.js as soon as possible."}]},{"name":"SERVICE","state":"NOT_STARTED"}],"operationType":"CREATE_FUNCTION"},"done":false}
[debug] [2026-06-06T14:32:43.766Z] [create-default-us-central1-sendTest] Retrying task index 0
[debug] [2026-06-06T14:32:43.766Z] Checked if tokens are valid: true, expires at: 1780758677513
[debug] [2026-06-06T14:32:43.766Z] Checked if tokens are valid: true, expires at: 1780758677513
[debug] [2026-06-06T14:32:43.766Z] >>> [apiv2][query] GET https://cloudfunctions.googleapis.com/v2/projects/more-perfect-union-newsletter/locations/us-central1/operations/operation-1780756325131-65396a430e2fa-e0eed908-963201c1 [none]
[debug] [2026-06-06T14:32:44.061Z] <<< [apiv2][status] GET https://cloudfunctions.googleapis.com/v2/projects/more-perfect-union-newsletter/locations/us-central1/operations/operation-1780756325131-65396a430e2fa-e0eed908-963201c1 200
[debug] [2026-06-06T14:32:44.062Z] <<< [apiv2][body] GET https://cloudfunctions.googleapis.com/v2/projects/more-perfect-union-newsletter/locations/us-central1/operations/operation-1780756325131-65396a430e2fa-e0eed908-963201c1 {"name":"projects/more-perfect-union-newsletter/locations/us-central1/operations/operation-1780756325131-65396a430e2fa-e0eed908-963201c1","metadata":{"@type":"type.googleapis.com/google.cloud.functions.v2.OperationMetadata","createTime":"2026-06-06T14:32:06.702738791Z","target":"projects/more-perfect-union-newsletter/locations/us-central1/functions/sendTest","verb":"create","cancelRequested":false,"apiVersion":"v2","requestResource":{"@type":"type.googleapis.com/google.cloud.functions.v2.Function","name":"projects/more-perfect-union-newsletter/locations/us-central1/functions/sendTest","buildConfig":{"runtime":"nodejs20","entryPoint":"sendTest","source":{"storageSource":{"bucket":"gcf-v2-sources-584662744129-us-central1","object":"sendTest/function-source.zip","generation":"1780756326327025"}},"environmentVariables":{"GOOGLE_NODE_RUN_SCRIPTS":""},"serviceAccount":"projects/more-perfect-union-newsletter/serviceAccounts/584662744129-compute@developer.gserviceaccount.com","automaticUpdatePolicy":{}},"serviceConfig":{"service":"projects/more-perfect-union-newsletter/locations/us-central1/services/sendtest","timeoutSeconds":60,"environmentVariables":{"FIREBASE_CONFIG":"{\"projectId\":\"more-perfect-union-newsletter\",\"storageBucket\":\"more-perfect-union-newsletter.firebasestorage.app\"}","GCLOUD_PROJECT":"more-perfect-union-newsletter","EVENTARC_CLOUD_EVENT_SOURCE":"projects/more-perfect-union-newsletter/locations/us-central1/services/sendTest","FUNCTION_TARGET":"sendTest","LOG_EXECUTION_ID":"true"},"ingressSettings":"ALLOW_ALL","serviceAccountEmail":"584662744129-compute@developer.gserviceaccount.com","availableMemory":"256Mi","secretEnvironmentVariables":[{"key":"GMAIL_USER","projectId":"more-perfect-union-newsletter","secret":"GMAIL_USER","version":"1"},{"key":"GMAIL_APP_PASSWORD","projectId":"more-perfect-union-newsletter","secret":"GMAIL_APP_PASSWORD","version":"1"}],"maxInstanceRequestConcurrency":80,"availableCpu":"1"},"labels":{"deployment-tool":"cli-firebase","firebase-functions-hash":"2152512266b17bb0d41057fe41ebb0294bd19789"},"environment":"GEN_2"},"stages":[{"name":"BUILD","state":"NOT_STARTED","stateMessages":[{"severity":"WARNING","type":"BuildAnalysisWarning","message":"Node.js 20 is no longer supported by the Node.js community as of 30 April, 2026. Runtime nodejs20 is currently deprecated for Cloud Functions. We recommend you to upgrade to the latest version of Node.js as soon as possible."}]},{"name":"SERVICE","state":"NOT_STARTED"}],"operationType":"CREATE_FUNCTION"},"done":false}
[debug] [2026-06-06T14:32:54.062Z] [create-default-us-central1-sendTest] Retrying task index 0
[debug] [2026-06-06T14:32:54.062Z] Checked if tokens are valid: true, expires at: 1780758677513
[debug] [2026-06-06T14:32:54.062Z] Checked if tokens are valid: true, expires at: 1780758677513
[debug] [2026-06-06T14:32:54.062Z] >>> [apiv2][query] GET https://cloudfunctions.googleapis.com/v2/projects/more-perfect-union-newsletter/locations/us-central1/operations/operation-1780756325131-65396a430e2fa-e0eed908-963201c1 [none]
[debug] [2026-06-06T14:32:54.243Z] <<< [apiv2][status] GET https://cloudfunctions.googleapis.com/v2/projects/more-perfect-union-newsletter/locations/us-central1/operations/operation-1780756325131-65396a430e2fa-e0eed908-963201c1 200
[debug] [2026-06-06T14:32:54.243Z] <<< [apiv2][body] GET https://cloudfunctions.googleapis.com/v2/projects/more-perfect-union-newsletter/locations/us-central1/operations/operation-1780756325131-65396a430e2fa-e0eed908-963201c1 {"name":"projects/more-perfect-union-newsletter/locations/us-central1/operations/operation-1780756325131-65396a430e2fa-e0eed908-963201c1","metadata":{"@type":"type.googleapis.com/google.cloud.functions.v2.OperationMetadata","createTime":"2026-06-06T14:32:06.702738791Z","target":"projects/more-perfect-union-newsletter/locations/us-central1/functions/sendTest","verb":"create","cancelRequested":false,"apiVersion":"v2","requestResource":{"@type":"type.googleapis.com/google.cloud.functions.v2.Function","name":"projects/more-perfect-union-newsletter/locations/us-central1/functions/sendTest","buildConfig":{"runtime":"nodejs20","entryPoint":"sendTest","source":{"storageSource":{"bucket":"gcf-v2-sources-584662744129-us-central1","object":"sendTest/function-source.zip","generation":"1780756326327025"}},"environmentVariables":{"GOOGLE_NODE_RUN_SCRIPTS":""},"serviceAccount":"projects/more-perfect-union-newsletter/serviceAccounts/584662744129-compute@developer.gserviceaccount.com","automaticUpdatePolicy":{}},"serviceConfig":{"service":"projects/more-perfect-union-newsletter/locations/us-central1/services/sendtest","timeoutSeconds":60,"environmentVariables":{"FIREBASE_CONFIG":"{\"projectId\":\"more-perfect-union-newsletter\",\"storageBucket\":\"more-perfect-union-newsletter.firebasestorage.app\"}","GCLOUD_PROJECT":"more-perfect-union-newsletter","EVENTARC_CLOUD_EVENT_SOURCE":"projects/more-perfect-union-newsletter/locations/us-central1/services/sendTest","FUNCTION_TARGET":"sendTest","LOG_EXECUTION_ID":"true"},"ingressSettings":"ALLOW_ALL","serviceAccountEmail":"584662744129-compute@developer.gserviceaccount.com","availableMemory":"256Mi","secretEnvironmentVariables":[{"key":"GMAIL_USER","projectId":"more-perfect-union-newsletter","secret":"GMAIL_USER","version":"1"},{"key":"GMAIL_APP_PASSWORD","projectId":"more-perfect-union-newsletter","secret":"GMAIL_APP_PASSWORD","version":"1"}],"maxInstanceRequestConcurrency":80,"availableCpu":"1"},"labels":{"deployment-tool":"cli-firebase","firebase-functions-hash":"2152512266b17bb0d41057fe41ebb0294bd19789"},"environment":"GEN_2"},"stages":[{"name":"BUILD","state":"NOT_STARTED","stateMessages":[{"severity":"WARNING","type":"BuildAnalysisWarning","message":"Node.js 20 is no longer supported by the Node.js community as of 30 April, 2026. Runtime nodejs20 is currently deprecated for Cloud Functions. We recommend you to upgrade to the latest version of Node.js as soon as possible."}]},{"name":"SERVICE","state":"NOT_STARTED"}],"operationType":"CREATE_FUNCTION"},"done":false}
[debug] [2026-06-06T14:33:04.244Z] [create-default-us-central1-sendTest] Retrying task index 0
[debug] [2026-06-06T14:33:04.245Z] Checked if tokens are valid: true, expires at: 1780758677513
[debug] [2026-06-06T14:33:04.245Z] Checked if tokens are valid: true, expires at: 1780758677513
[debug] [2026-06-06T14:33:04.245Z] >>> [apiv2][query] GET https://cloudfunctions.googleapis.com/v2/projects/more-perfect-union-newsletter/locations/us-central1/operations/operation-1780756325131-65396a430e2fa-e0eed908-963201c1 [none]
[debug] [2026-06-06T14:33:04.533Z] <<< [apiv2][status] GET https://cloudfunctions.googleapis.com/v2/projects/more-perfect-union-newsletter/locations/us-central1/operations/operation-1780756325131-65396a430e2fa-e0eed908-963201c1 200
[debug] [2026-06-06T14:33:04.533Z] <<< [apiv2][body] GET https://cloudfunctions.googleapis.com/v2/projects/more-perfect-union-newsletter/locations/us-central1/operations/operation-1780756325131-65396a430e2fa-e0eed908-963201c1 {"name":"projects/more-perfect-union-newsletter/locations/us-central1/operations/operation-1780756325131-65396a430e2fa-e0eed908-963201c1","metadata":{"@type":"type.googleapis.com/google.cloud.functions.v2.OperationMetadata","createTime":"2026-06-06T14:32:06.702738791Z","target":"projects/more-perfect-union-newsletter/locations/us-central1/functions/sendTest","verb":"create","cancelRequested":false,"apiVersion":"v2","requestResource":{"@type":"type.googleapis.com/google.cloud.functions.v2.Function","name":"projects/more-perfect-union-newsletter/locations/us-central1/functions/sendTest","buildConfig":{"runtime":"nodejs20","entryPoint":"sendTest","source":{"storageSource":{"bucket":"gcf-v2-sources-584662744129-us-central1","object":"sendTest/function-source.zip","generation":"1780756326327025"}},"environmentVariables":{"GOOGLE_NODE_RUN_SCRIPTS":""},"serviceAccount":"projects/more-perfect-union-newsletter/serviceAccounts/584662744129-compute@developer.gserviceaccount.com","automaticUpdatePolicy":{}},"serviceConfig":{"service":"projects/more-perfect-union-newsletter/locations/us-central1/services/sendtest","timeoutSeconds":60,"environmentVariables":{"FIREBASE_CONFIG":"{\"projectId\":\"more-perfect-union-newsletter\",\"storageBucket\":\"more-perfect-union-newsletter.firebasestorage.app\"}","GCLOUD_PROJECT":"more-perfect-union-newsletter","EVENTARC_CLOUD_EVENT_SOURCE":"projects/more-perfect-union-newsletter/locations/us-central1/services/sendTest","FUNCTION_TARGET":"sendTest","LOG_EXECUTION_ID":"true"},"ingressSettings":"ALLOW_ALL","serviceAccountEmail":"584662744129-compute@developer.gserviceaccount.com","availableMemory":"256Mi","secretEnvironmentVariables":[{"key":"GMAIL_USER","projectId":"more-perfect-union-newsletter","secret":"GMAIL_USER","version":"1"},{"key":"GMAIL_APP_PASSWORD","projectId":"more-perfect-union-newsletter","secret":"GMAIL_APP_PASSWORD","version":"1"}],"maxInstanceRequestConcurrency":80,"availableCpu":"1"},"labels":{"deployment-tool":"cli-firebase","firebase-functions-hash":"2152512266b17bb0d41057fe41ebb0294bd19789"},"environment":"GEN_2"},"stages":[{"name":"BUILD","state":"NOT_STARTED","stateMessages":[{"severity":"WARNING","type":"BuildAnalysisWarning","message":"Node.js 20 is no longer supported by the Node.js community as of 30 April, 2026. Runtime nodejs20 is currently deprecated for Cloud Functions. We recommend you to upgrade to the latest version of Node.js as soon as possible."}]},{"name":"SERVICE","state":"NOT_STARTED"}],"operationType":"CREATE_FUNCTION"},"done":false}
[debug] [2026-06-06T14:33:14.535Z] [create-default-us-central1-sendTest] Retrying task index 0
[debug] [2026-06-06T14:33:14.535Z] Checked if tokens are valid: true, expires at: 1780758677513
[debug] [2026-06-06T14:33:14.535Z] Checked if tokens are valid: true, expires at: 1780758677513
[debug] [2026-06-06T14:33:14.535Z] >>> [apiv2][query] GET https://cloudfunctions.googleapis.com/v2/projects/more-perfect-union-newsletter/locations/us-central1/operations/operation-1780756325131-65396a430e2fa-e0eed908-963201c1 [none]
[debug] [2026-06-06T14:33:14.791Z] <<< [apiv2][status] GET https://cloudfunctions.googleapis.com/v2/projects/more-perfect-union-newsletter/locations/us-central1/operations/operation-1780756325131-65396a430e2fa-e0eed908-963201c1 200
[debug] [2026-06-06T14:33:14.791Z] <<< [apiv2][body] GET https://cloudfunctions.googleapis.com/v2/projects/more-perfect-union-newsletter/locations/us-central1/operations/operation-1780756325131-65396a430e2fa-e0eed908-963201c1 {"name":"projects/more-perfect-union-newsletter/locations/us-central1/operations/operation-1780756325131-65396a430e2fa-e0eed908-963201c1","metadata":{"@type":"type.googleapis.com/google.cloud.functions.v2.OperationMetadata","createTime":"2026-06-06T14:32:06.702738791Z","target":"projects/more-perfect-union-newsletter/locations/us-central1/functions/sendTest","verb":"create","cancelRequested":false,"apiVersion":"v2","requestResource":{"@type":"type.googleapis.com/google.cloud.functions.v2.Function","name":"projects/more-perfect-union-newsletter/locations/us-central1/functions/sendTest","buildConfig":{"runtime":"nodejs20","entryPoint":"sendTest","source":{"storageSource":{"bucket":"gcf-v2-sources-584662744129-us-central1","object":"sendTest/function-source.zip","generation":"1780756326327025"}},"environmentVariables":{"GOOGLE_NODE_RUN_SCRIPTS":""},"serviceAccount":"projects/more-perfect-union-newsletter/serviceAccounts/584662744129-compute@developer.gserviceaccount.com","automaticUpdatePolicy":{}},"serviceConfig":{"service":"projects/more-perfect-union-newsletter/locations/us-central1/services/sendtest","timeoutSeconds":60,"environmentVariables":{"FIREBASE_CONFIG":"{\"projectId\":\"more-perfect-union-newsletter\",\"storageBucket\":\"more-perfect-union-newsletter.firebasestorage.app\"}","GCLOUD_PROJECT":"more-perfect-union-newsletter","EVENTARC_CLOUD_EVENT_SOURCE":"projects/more-perfect-union-newsletter/locations/us-central1/services/sendTest","FUNCTION_TARGET":"sendTest","LOG_EXECUTION_ID":"true"},"ingressSettings":"ALLOW_ALL","serviceAccountEmail":"584662744129-compute@developer.gserviceaccount.com","availableMemory":"256Mi","secretEnvironmentVariables":[{"key":"GMAIL_USER","projectId":"more-perfect-union-newsletter","secret":"GMAIL_USER","version":"1"},{"key":"GMAIL_APP_PASSWORD","projectId":"more-perfect-union-newsletter","secret":"GMAIL_APP_PASSWORD","version":"1"}],"maxInstanceRequestConcurrency":80,"availableCpu":"1"},"labels":{"deployment-tool":"cli-firebase","firebase-functions-hash":"2152512266b17bb0d41057fe41ebb0294bd19789"},"environment":"GEN_2"},"stages":[{"name":"BUILD","state":"NOT_STARTED","stateMessages":[{"severity":"WARNING","type":"BuildAnalysisWarning","message":"Node.js 20 is no longer supported by the Node.js community as of 30 April, 2026. Runtime nodejs20 is currently deprecated for Cloud Functions. We recommend you to upgrade to the latest version of Node.js as soon as possible."}]},{"name":"SERVICE","state":"NOT_STARTED"}],"operationType":"CREATE_FUNCTION"},"done":false}
[debug] [2026-06-06T14:33:24.792Z] [create-default-us-central1-sendTest] Retrying task index 0
[debug] [2026-06-06T14:33:24.793Z] Checked if tokens are valid: true, expires at: 1780758677513
[debug] [2026-06-06T14:33:24.793Z] Checked if tokens are valid: true, expires at: 1780758677513
[debug] [2026-06-06T14:33:24.793Z] >>> [apiv2][query] GET https://cloudfunctions.googleapis.com/v2/projects/more-perfect-union-newsletter/locations/us-central1/operations/operation-1780756325131-65396a430e2fa-e0eed908-963201c1 [none]
[debug] [2026-06-06T14:33:25.063Z] <<< [apiv2][status] GET https://cloudfunctions.googleapis.com/v2/projects/more-perfect-union-newsletter/locations/us-central1/operations/operation-1780756325131-65396a430e2fa-e0eed908-963201c1 200
[debug] [2026-06-06T14:33:25.064Z] <<< [apiv2][body] GET https://cloudfunctions.googleapis.com/v2/projects/more-perfect-union-newsletter/locations/us-central1/operations/operation-1780756325131-65396a430e2fa-e0eed908-963201c1 {"name":"projects/more-perfect-union-newsletter/locations/us-central1/operations/operation-1780756325131-65396a430e2fa-e0eed908-963201c1","metadata":{"@type":"type.googleapis.com/google.cloud.functions.v2.OperationMetadata","createTime":"2026-06-06T14:32:06.702738791Z","target":"projects/more-perfect-union-newsletter/locations/us-central1/functions/sendTest","verb":"create","cancelRequested":false,"apiVersion":"v2","requestResource":{"@type":"type.googleapis.com/google.cloud.functions.v2.Function","name":"projects/more-perfect-union-newsletter/locations/us-central1/functions/sendTest","buildConfig":{"runtime":"nodejs20","entryPoint":"sendTest","source":{"storageSource":{"bucket":"gcf-v2-sources-584662744129-us-central1","object":"sendTest/function-source.zip","generation":"1780756326327025"}},"environmentVariables":{"GOOGLE_NODE_RUN_SCRIPTS":""},"serviceAccount":"projects/more-perfect-union-newsletter/serviceAccounts/584662744129-compute@developer.gserviceaccount.com","automaticUpdatePolicy":{}},"serviceConfig":{"service":"projects/more-perfect-union-newsletter/locations/us-central1/services/sendtest","timeoutSeconds":60,"environmentVariables":{"FIREBASE_CONFIG":"{\"projectId\":\"more-perfect-union-newsletter\",\"storageBucket\":\"more-perfect-union-newsletter.firebasestorage.app\"}","GCLOUD_PROJECT":"more-perfect-union-newsletter","EVENTARC_CLOUD_EVENT_SOURCE":"projects/more-perfect-union-newsletter/locations/us-central1/services/sendTest","FUNCTION_TARGET":"sendTest","LOG_EXECUTION_ID":"true"},"ingressSettings":"ALLOW_ALL","serviceAccountEmail":"584662744129-compute@developer.gserviceaccount.com","availableMemory":"256Mi","secretEnvironmentVariables":[{"key":"GMAIL_USER","projectId":"more-perfect-union-newsletter","secret":"GMAIL_USER","version":"1"},{"key":"GMAIL_APP_PASSWORD","projectId":"more-perfect-union-newsletter","secret":"GMAIL_APP_PASSWORD","version":"1"}],"maxInstanceRequestConcurrency":80,"availableCpu":"1"},"labels":{"deployment-tool":"cli-firebase","firebase-functions-hash":"2152512266b17bb0d41057fe41ebb0294bd19789"},"environment":"GEN_2"},"stages":[{"name":"BUILD","state":"NOT_STARTED","stateMessages":[{"severity":"WARNING","type":"BuildAnalysisWarning","message":"Node.js 20 is no longer supported by the Node.js community as of 30 April, 2026. Runtime nodejs20 is currently deprecated for Cloud Functions. We recommend you to upgrade to the latest version of Node.js as soon as possible."}]},{"name":"SERVICE","state":"NOT_STARTED"}],"operationType":"CREATE_FUNCTION"},"done":false}
[debug] [2026-06-06T14:33:35.065Z] [create-default-us-central1-sendTest] Retrying task index 0
[debug] [2026-06-06T14:33:35.065Z] Checked if tokens are valid: true, expires at: 1780758677513
[debug] [2026-06-06T14:33:35.065Z] Checked if tokens are valid: true, expires at: 1780758677513
[debug] [2026-06-06T14:33:35.065Z] >>> [apiv2][query] GET https://cloudfunctions.googleapis.com/v2/projects/more-perfect-union-newsletter/locations/us-central1/operations/operation-1780756325131-65396a430e2fa-e0eed908-963201c1 [none]
[debug] [2026-06-06T14:33:35.331Z] <<< [apiv2][status] GET https://cloudfunctions.googleapis.com/v2/projects/more-perfect-union-newsletter/locations/us-central1/operations/operation-1780756325131-65396a430e2fa-e0eed908-963201c1 200
[debug] [2026-06-06T14:33:35.331Z] <<< [apiv2][body] GET https://cloudfunctions.googleapis.com/v2/projects/more-perfect-union-newsletter/locations/us-central1/operations/operation-1780756325131-65396a430e2fa-e0eed908-963201c1 {"name":"projects/more-perfect-union-newsletter/locations/us-central1/operations/operation-1780756325131-65396a430e2fa-e0eed908-963201c1","metadata":{"@type":"type.googleapis.com/google.cloud.functions.v2.OperationMetadata","createTime":"2026-06-06T14:32:06.702738791Z","target":"projects/more-perfect-union-newsletter/locations/us-central1/functions/sendTest","verb":"create","cancelRequested":false,"apiVersion":"v2","requestResource":{"@type":"type.googleapis.com/google.cloud.functions.v2.Function","name":"projects/more-perfect-union-newsletter/locations/us-central1/functions/sendTest","buildConfig":{"runtime":"nodejs20","entryPoint":"sendTest","source":{"storageSource":{"bucket":"gcf-v2-sources-584662744129-us-central1","object":"sendTest/function-source.zip","generation":"1780756326327025"}},"environmentVariables":{"GOOGLE_NODE_RUN_SCRIPTS":""},"serviceAccount":"projects/more-perfect-union-newsletter/serviceAccounts/584662744129-compute@developer.gserviceaccount.com","automaticUpdatePolicy":{}},"serviceConfig":{"service":"projects/more-perfect-union-newsletter/locations/us-central1/services/sendtest","timeoutSeconds":60,"environmentVariables":{"FIREBASE_CONFIG":"{\"projectId\":\"more-perfect-union-newsletter\",\"storageBucket\":\"more-perfect-union-newsletter.firebasestorage.app\"}","GCLOUD_PROJECT":"more-perfect-union-newsletter","EVENTARC_CLOUD_EVENT_SOURCE":"projects/more-perfect-union-newsletter/locations/us-central1/services/sendTest","FUNCTION_TARGET":"sendTest","LOG_EXECUTION_ID":"true"},"ingressSettings":"ALLOW_ALL","serviceAccountEmail":"584662744129-compute@developer.gserviceaccount.com","availableMemory":"256Mi","secretEnvironmentVariables":[{"key":"GMAIL_USER","projectId":"more-perfect-union-newsletter","secret":"GMAIL_USER","version":"1"},{"key":"GMAIL_APP_PASSWORD","projectId":"more-perfect-union-newsletter","secret":"GMAIL_APP_PASSWORD","version":"1"}],"maxInstanceRequestConcurrency":80,"availableCpu":"1"},"labels":{"deployment-tool":"cli-firebase","firebase-functions-hash":"2152512266b17bb0d41057fe41ebb0294bd19789"},"environment":"GEN_2"},"stages":[{"name":"BUILD","state":"NOT_STARTED","stateMessages":[{"severity":"WARNING","type":"BuildAnalysisWarning","message":"Node.js 20 is no longer supported by the Node.js community as of 30 April, 2026. Runtime nodejs20 is currently deprecated for Cloud Functions. We recommend you to upgrade to the latest version of Node.js as soon as possible."}]},{"name":"SERVICE","state":"NOT_STARTED"}],"operationType":"CREATE_FUNCTION"},"done":false}
[debug] [2026-06-06T14:33:45.333Z] [create-default-us-central1-sendTest] Retrying task index 0
[debug] [2026-06-06T14:33:45.333Z] Checked if tokens are valid: true, expires at: 1780758677513
[debug] [2026-06-06T14:33:45.333Z] Checked if tokens are valid: true, expires at: 1780758677513
[debug] [2026-06-06T14:33:45.334Z] >>> [apiv2][query] GET https://cloudfunctions.googleapis.com/v2/projects/more-perfect-union-newsletter/locations/us-central1/operations/operation-1780756325131-65396a430e2fa-e0eed908-963201c1 [none]
[debug] [2026-06-06T14:33:45.620Z] <<< [apiv2][status] GET https://cloudfunctions.googleapis.com/v2/projects/more-perfect-union-newsletter/locations/us-central1/operations/operation-1780756325131-65396a430e2fa-e0eed908-963201c1 200
[debug] [2026-06-06T14:33:45.620Z] <<< [apiv2][body] GET https://cloudfunctions.googleapis.com/v2/projects/more-perfect-union-newsletter/locations/us-central1/operations/operation-1780756325131-65396a430e2fa-e0eed908-963201c1 {"name":"projects/more-perfect-union-newsletter/locations/us-central1/operations/operation-1780756325131-65396a430e2fa-e0eed908-963201c1","metadata":{"@type":"type.googleapis.com/google.cloud.functions.v2.OperationMetadata","createTime":"2026-06-06T14:32:06.702738791Z","target":"projects/more-perfect-union-newsletter/locations/us-central1/functions/sendTest","verb":"create","cancelRequested":false,"apiVersion":"v2","requestResource":{"@type":"type.googleapis.com/google.cloud.functions.v2.Function","name":"projects/more-perfect-union-newsletter/locations/us-central1/functions/sendTest","buildConfig":{"runtime":"nodejs20","entryPoint":"sendTest","source":{"storageSource":{"bucket":"gcf-v2-sources-584662744129-us-central1","object":"sendTest/function-source.zip","generation":"1780756326327025"}},"environmentVariables":{"GOOGLE_NODE_RUN_SCRIPTS":""},"serviceAccount":"projects/more-perfect-union-newsletter/serviceAccounts/584662744129-compute@developer.gserviceaccount.com","automaticUpdatePolicy":{}},"serviceConfig":{"service":"projects/more-perfect-union-newsletter/locations/us-central1/services/sendtest","timeoutSeconds":60,"environmentVariables":{"FIREBASE_CONFIG":"{\"projectId\":\"more-perfect-union-newsletter\",\"storageBucket\":\"more-perfect-union-newsletter.firebasestorage.app\"}","GCLOUD_PROJECT":"more-perfect-union-newsletter","EVENTARC_CLOUD_EVENT_SOURCE":"projects/more-perfect-union-newsletter/locations/us-central1/services/sendTest","FUNCTION_TARGET":"sendTest","LOG_EXECUTION_ID":"true"},"ingressSettings":"ALLOW_ALL","serviceAccountEmail":"584662744129-compute@developer.gserviceaccount.com","availableMemory":"256Mi","secretEnvironmentVariables":[{"key":"GMAIL_USER","projectId":"more-perfect-union-newsletter","secret":"GMAIL_USER","version":"1"},{"key":"GMAIL_APP_PASSWORD","projectId":"more-perfect-union-newsletter","secret":"GMAIL_APP_PASSWORD","version":"1"}],"maxInstanceRequestConcurrency":80,"availableCpu":"1"},"labels":{"deployment-tool":"cli-firebase","firebase-functions-hash":"2152512266b17bb0d41057fe41ebb0294bd19789"},"environment":"GEN_2"},"stages":[{"name":"BUILD","state":"NOT_STARTED","stateMessages":[{"severity":"WARNING","type":"BuildAnalysisWarning","message":"Node.js 20 is no longer supported by the Node.js community as of 30 April, 2026. Runtime nodejs20 is currently deprecated for Cloud Functions. We recommend you to upgrade to the latest version of Node.js as soon as possible."}]},{"name":"SERVICE","state":"NOT_STARTED"}],"operationType":"CREATE_FUNCTION"},"done":false}
[debug] [2026-06-06T14:33:55.622Z] [create-default-us-central1-sendTest] Retrying task index 0
[debug] [2026-06-06T14:33:55.622Z] Checked if tokens are valid: true, expires at: 1780758677513
[debug] [2026-06-06T14:33:55.623Z] Checked if tokens are valid: true, expires at: 1780758677513
[debug] [2026-06-06T14:33:55.623Z] >>> [apiv2][query] GET https://cloudfunctions.googleapis.com/v2/projects/more-perfect-union-newsletter/locations/us-central1/operations/operation-1780756325131-65396a430e2fa-e0eed908-963201c1 [none]
[debug] [2026-06-06T14:33:55.817Z] <<< [apiv2][status] GET https://cloudfunctions.googleapis.com/v2/projects/more-perfect-union-newsletter/locations/us-central1/operations/operation-1780756325131-65396a430e2fa-e0eed908-963201c1 200
[debug] [2026-06-06T14:33:55.817Z] <<< [apiv2][body] GET https://cloudfunctions.googleapis.com/v2/projects/more-perfect-union-newsletter/locations/us-central1/operations/operation-1780756325131-65396a430e2fa-e0eed908-963201c1 {"name":"projects/more-perfect-union-newsletter/locations/us-central1/operations/operation-1780756325131-65396a430e2fa-e0eed908-963201c1","metadata":{"@type":"type.googleapis.com/google.cloud.functions.v2.OperationMetadata","createTime":"2026-06-06T14:32:06.702738791Z","target":"projects/more-perfect-union-newsletter/locations/us-central1/functions/sendTest","verb":"create","cancelRequested":false,"apiVersion":"v2","requestResource":{"@type":"type.googleapis.com/google.cloud.functions.v2.Function","name":"projects/more-perfect-union-newsletter/locations/us-central1/functions/sendTest","buildConfig":{"runtime":"nodejs20","entryPoint":"sendTest","source":{"storageSource":{"bucket":"gcf-v2-sources-584662744129-us-central1","object":"sendTest/function-source.zip","generation":"1780756326327025"}},"environmentVariables":{"GOOGLE_NODE_RUN_SCRIPTS":""},"serviceAccount":"projects/more-perfect-union-newsletter/serviceAccounts/584662744129-compute@developer.gserviceaccount.com","automaticUpdatePolicy":{}},"serviceConfig":{"service":"projects/more-perfect-union-newsletter/locations/us-central1/services/sendtest","timeoutSeconds":60,"environmentVariables":{"FIREBASE_CONFIG":"{\"projectId\":\"more-perfect-union-newsletter\",\"storageBucket\":\"more-perfect-union-newsletter.firebasestorage.app\"}","GCLOUD_PROJECT":"more-perfect-union-newsletter","EVENTARC_CLOUD_EVENT_SOURCE":"projects/more-perfect-union-newsletter/locations/us-central1/services/sendTest","FUNCTION_TARGET":"sendTest","LOG_EXECUTION_ID":"true"},"ingressSettings":"ALLOW_ALL","serviceAccountEmail":"584662744129-compute@developer.gserviceaccount.com","availableMemory":"256Mi","secretEnvironmentVariables":[{"key":"GMAIL_USER","projectId":"more-perfect-union-newsletter","secret":"GMAIL_USER","version":"1"},{"key":"GMAIL_APP_PASSWORD","projectId":"more-perfect-union-newsletter","secret":"GMAIL_APP_PASSWORD","version":"1"}],"maxInstanceRequestConcurrency":80,"availableCpu":"1"},"labels":{"deployment-tool":"cli-firebase","firebase-functions-hash":"2152512266b17bb0d41057fe41ebb0294bd19789"},"environment":"GEN_2"},"stages":[{"name":"BUILD","message":"Build in progress","state":"IN_PROGRESS","resource":"projects/584662744129/locations/us-central1/builds/89a2fd0a-8730-435d-a80d-58871776b5d6","resourceUri":"https://console.cloud.google.com/cloud-build/builds;region=us-central1/89a2fd0a-8730-435d-a80d-58871776b5d6?project=584662744129"},{"name":"SERVICE","state":"NOT_STARTED"}],"operationType":"CREATE_FUNCTION","buildName":"projects/584662744129/locations/us-central1/builds/89a2fd0a-8730-435d-a80d-58871776b5d6"},"done":false}
[debug] [2026-06-06T14:34:05.818Z] [create-default-us-central1-sendTest] Retrying task index 0
[debug] [2026-06-06T14:34:05.819Z] Checked if tokens are valid: true, expires at: 1780758677513
[debug] [2026-06-06T14:34:05.819Z] Checked if tokens are valid: true, expires at: 1780758677513
[debug] [2026-06-06T14:34:05.819Z] >>> [apiv2][query] GET https://cloudfunctions.googleapis.com/v2/projects/more-perfect-union-newsletter/locations/us-central1/operations/operation-1780756325131-65396a430e2fa-e0eed908-963201c1 [none]
[debug] [2026-06-06T14:34:05.963Z] <<< [apiv2][status] GET https://cloudfunctions.googleapis.com/v2/projects/more-perfect-union-newsletter/locations/us-central1/operations/operation-1780756325131-65396a430e2fa-e0eed908-963201c1 200
[debug] [2026-06-06T14:34:05.964Z] <<< [apiv2][body] GET https://cloudfunctions.googleapis.com/v2/projects/more-perfect-union-newsletter/locations/us-central1/operations/operation-1780756325131-65396a430e2fa-e0eed908-963201c1 {"name":"projects/more-perfect-union-newsletter/locations/us-central1/operations/operation-1780756325131-65396a430e2fa-e0eed908-963201c1","metadata":{"@type":"type.googleapis.com/google.cloud.functions.v2.OperationMetadata","createTime":"2026-06-06T14:32:06.702738791Z","target":"projects/more-perfect-union-newsletter/locations/us-central1/functions/sendTest","verb":"create","cancelRequested":false,"apiVersion":"v2","requestResource":{"@type":"type.googleapis.com/google.cloud.functions.v2.Function","name":"projects/more-perfect-union-newsletter/locations/us-central1/functions/sendTest","buildConfig":{"runtime":"nodejs20","entryPoint":"sendTest","source":{"storageSource":{"bucket":"gcf-v2-sources-584662744129-us-central1","object":"sendTest/function-source.zip","generation":"1780756326327025"}},"environmentVariables":{"GOOGLE_NODE_RUN_SCRIPTS":""},"serviceAccount":"projects/more-perfect-union-newsletter/serviceAccounts/584662744129-compute@developer.gserviceaccount.com","automaticUpdatePolicy":{}},"serviceConfig":{"service":"projects/more-perfect-union-newsletter/locations/us-central1/services/sendtest","timeoutSeconds":60,"environmentVariables":{"FIREBASE_CONFIG":"{\"projectId\":\"more-perfect-union-newsletter\",\"storageBucket\":\"more-perfect-union-newsletter.firebasestorage.app\"}","GCLOUD_PROJECT":"more-perfect-union-newsletter","EVENTARC_CLOUD_EVENT_SOURCE":"projects/more-perfect-union-newsletter/locations/us-central1/services/sendTest","FUNCTION_TARGET":"sendTest","LOG_EXECUTION_ID":"true"},"ingressSettings":"ALLOW_ALL","serviceAccountEmail":"584662744129-compute@developer.gserviceaccount.com","availableMemory":"256Mi","secretEnvironmentVariables":[{"key":"GMAIL_USER","projectId":"more-perfect-union-newsletter","secret":"GMAIL_USER","version":"1"},{"key":"GMAIL_APP_PASSWORD","projectId":"more-perfect-union-newsletter","secret":"GMAIL_APP_PASSWORD","version":"1"}],"maxInstanceRequestConcurrency":80,"availableCpu":"1"},"labels":{"deployment-tool":"cli-firebase","firebase-functions-hash":"2152512266b17bb0d41057fe41ebb0294bd19789"},"environment":"GEN_2"},"stages":[{"name":"BUILD","message":"Build in progress","state":"IN_PROGRESS","resource":"projects/584662744129/locations/us-central1/builds/89a2fd0a-8730-435d-a80d-58871776b5d6","resourceUri":"https://console.cloud.google.com/cloud-build/builds;region=us-central1/89a2fd0a-8730-435d-a80d-58871776b5d6?project=584662744129"},{"name":"SERVICE","state":"NOT_STARTED"}],"operationType":"CREATE_FUNCTION","buildName":"projects/584662744129/locations/us-central1/builds/89a2fd0a-8730-435d-a80d-58871776b5d6"},"done":false}
[debug] [2026-06-06T14:34:15.965Z] [create-default-us-central1-sendTest] Retrying task index 0
[debug] [2026-06-06T14:34:15.965Z] Checked if tokens are valid: true, expires at: 1780758677513
[debug] [2026-06-06T14:34:15.965Z] Checked if tokens are valid: true, expires at: 1780758677513
[debug] [2026-06-06T14:34:15.966Z] >>> [apiv2][query] GET https://cloudfunctions.googleapis.com/v2/projects/more-perfect-union-newsletter/locations/us-central1/operations/operation-1780756325131-65396a430e2fa-e0eed908-963201c1 [none]
[debug] [2026-06-06T14:34:16.279Z] <<< [apiv2][status] GET https://cloudfunctions.googleapis.com/v2/projects/more-perfect-union-newsletter/locations/us-central1/operations/operation-1780756325131-65396a430e2fa-e0eed908-963201c1 200
[debug] [2026-06-06T14:34:16.279Z] <<< [apiv2][body] GET https://cloudfunctions.googleapis.com/v2/projects/more-perfect-union-newsletter/locations/us-central1/operations/operation-1780756325131-65396a430e2fa-e0eed908-963201c1 {"name":"projects/more-perfect-union-newsletter/locations/us-central1/operations/operation-1780756325131-65396a430e2fa-e0eed908-963201c1","metadata":{"@type":"type.googleapis.com/google.cloud.functions.v2.OperationMetadata","createTime":"2026-06-06T14:32:06.702738791Z","target":"projects/more-perfect-union-newsletter/locations/us-central1/functions/sendTest","verb":"create","cancelRequested":false,"apiVersion":"v2","requestResource":{"@type":"type.googleapis.com/google.cloud.functions.v2.Function","name":"projects/more-perfect-union-newsletter/locations/us-central1/functions/sendTest","buildConfig":{"runtime":"nodejs20","entryPoint":"sendTest","source":{"storageSource":{"bucket":"gcf-v2-sources-584662744129-us-central1","object":"sendTest/function-source.zip","generation":"1780756326327025"}},"environmentVariables":{"GOOGLE_NODE_RUN_SCRIPTS":""},"serviceAccount":"projects/more-perfect-union-newsletter/serviceAccounts/584662744129-compute@developer.gserviceaccount.com","automaticUpdatePolicy":{}},"serviceConfig":{"service":"projects/more-perfect-union-newsletter/locations/us-central1/services/sendtest","timeoutSeconds":60,"environmentVariables":{"FIREBASE_CONFIG":"{\"projectId\":\"more-perfect-union-newsletter\",\"storageBucket\":\"more-perfect-union-newsletter.firebasestorage.app\"}","GCLOUD_PROJECT":"more-perfect-union-newsletter","EVENTARC_CLOUD_EVENT_SOURCE":"projects/more-perfect-union-newsletter/locations/us-central1/services/sendTest","FUNCTION_TARGET":"sendTest","LOG_EXECUTION_ID":"true"},"ingressSettings":"ALLOW_ALL","serviceAccountEmail":"584662744129-compute@developer.gserviceaccount.com","availableMemory":"256Mi","secretEnvironmentVariables":[{"key":"GMAIL_USER","projectId":"more-perfect-union-newsletter","secret":"GMAIL_USER","version":"1"},{"key":"GMAIL_APP_PASSWORD","projectId":"more-perfect-union-newsletter","secret":"GMAIL_APP_PASSWORD","version":"1"}],"maxInstanceRequestConcurrency":80,"availableCpu":"1"},"labels":{"deployment-tool":"cli-firebase","firebase-functions-hash":"2152512266b17bb0d41057fe41ebb0294bd19789"},"environment":"GEN_2"},"stages":[{"name":"BUILD","message":"Build in progress","state":"IN_PROGRESS","resource":"projects/584662744129/locations/us-central1/builds/89a2fd0a-8730-435d-a80d-58871776b5d6","resourceUri":"https://console.cloud.google.com/cloud-build/builds;region=us-central1/89a2fd0a-8730-435d-a80d-58871776b5d6?project=584662744129"},{"name":"SERVICE","state":"NOT_STARTED"}],"operationType":"CREATE_FUNCTION","buildName":"projects/584662744129/locations/us-central1/builds/89a2fd0a-8730-435d-a80d-58871776b5d6"},"done":false}
[debug] [2026-06-06T14:34:26.281Z] [create-default-us-central1-sendTest] Retrying task index 0
[debug] [2026-06-06T14:34:26.281Z] Checked if tokens are valid: true, expires at: 1780758677513
[debug] [2026-06-06T14:34:26.282Z] Checked if tokens are valid: true, expires at: 1780758677513
[debug] [2026-06-06T14:34:26.282Z] >>> [apiv2][query] GET https://cloudfunctions.googleapis.com/v2/projects/more-perfect-union-newsletter/locations/us-central1/operations/operation-1780756325131-65396a430e2fa-e0eed908-963201c1 [none]
[debug] [2026-06-06T14:34:26.578Z] <<< [apiv2][status] GET https://cloudfunctions.googleapis.com/v2/projects/more-perfect-union-newsletter/locations/us-central1/operations/operation-1780756325131-65396a430e2fa-e0eed908-963201c1 200
[debug] [2026-06-06T14:34:26.578Z] <<< [apiv2][body] GET https://cloudfunctions.googleapis.com/v2/projects/more-perfect-union-newsletter/locations/us-central1/operations/operation-1780756325131-65396a430e2fa-e0eed908-963201c1 {"name":"projects/more-perfect-union-newsletter/locations/us-central1/operations/operation-1780756325131-65396a430e2fa-e0eed908-963201c1","metadata":{"@type":"type.googleapis.com/google.cloud.functions.v2.OperationMetadata","createTime":"2026-06-06T14:32:06.702738791Z","target":"projects/more-perfect-union-newsletter/locations/us-central1/functions/sendTest","verb":"create","cancelRequested":false,"apiVersion":"v2","requestResource":{"@type":"type.googleapis.com/google.cloud.functions.v2.Function","name":"projects/more-perfect-union-newsletter/locations/us-central1/functions/sendTest","buildConfig":{"runtime":"nodejs20","entryPoint":"sendTest","source":{"storageSource":{"bucket":"gcf-v2-sources-584662744129-us-central1","object":"sendTest/function-source.zip","generation":"1780756326327025"}},"environmentVariables":{"GOOGLE_NODE_RUN_SCRIPTS":""},"serviceAccount":"projects/more-perfect-union-newsletter/serviceAccounts/584662744129-compute@developer.gserviceaccount.com","automaticUpdatePolicy":{}},"serviceConfig":{"service":"projects/more-perfect-union-newsletter/locations/us-central1/services/sendtest","timeoutSeconds":60,"environmentVariables":{"FIREBASE_CONFIG":"{\"projectId\":\"more-perfect-union-newsletter\",\"storageBucket\":\"more-perfect-union-newsletter.firebasestorage.app\"}","GCLOUD_PROJECT":"more-perfect-union-newsletter","EVENTARC_CLOUD_EVENT_SOURCE":"projects/more-perfect-union-newsletter/locations/us-central1/services/sendTest","FUNCTION_TARGET":"sendTest","LOG_EXECUTION_ID":"true"},"ingressSettings":"ALLOW_ALL","serviceAccountEmail":"584662744129-compute@developer.gserviceaccount.com","availableMemory":"256Mi","secretEnvironmentVariables":[{"key":"GMAIL_USER","projectId":"more-perfect-union-newsletter","secret":"GMAIL_USER","version":"1"},{"key":"GMAIL_APP_PASSWORD","projectId":"more-perfect-union-newsletter","secret":"GMAIL_APP_PASSWORD","version":"1"}],"maxInstanceRequestConcurrency":80,"availableCpu":"1"},"labels":{"deployment-tool":"cli-firebase","firebase-functions-hash":"2152512266b17bb0d41057fe41ebb0294bd19789"},"environment":"GEN_2"},"stages":[{"name":"BUILD","message":"Build in progress","state":"IN_PROGRESS","resource":"projects/584662744129/locations/us-central1/builds/89a2fd0a-8730-435d-a80d-58871776b5d6","resourceUri":"https://console.cloud.google.com/cloud-build/builds;region=us-central1/89a2fd0a-8730-435d-a80d-58871776b5d6?project=584662744129"},{"name":"SERVICE","state":"NOT_STARTED"}],"operationType":"CREATE_FUNCTION","buildName":"projects/584662744129/locations/us-central1/builds/89a2fd0a-8730-435d-a80d-58871776b5d6"},"done":false}
[debug] [2026-06-06T14:34:36.579Z] [create-default-us-central1-sendTest] Retrying task index 0
[debug] [2026-06-06T14:34:36.580Z] Checked if tokens are valid: true, expires at: 1780758677513
[debug] [2026-06-06T14:34:36.580Z] Checked if tokens are valid: true, expires at: 1780758677513
[debug] [2026-06-06T14:34:36.580Z] >>> [apiv2][query] GET https://cloudfunctions.googleapis.com/v2/projects/more-perfect-union-newsletter/locations/us-central1/operations/operation-1780756325131-65396a430e2fa-e0eed908-963201c1 [none]
[debug] [2026-06-06T14:34:36.739Z] <<< [apiv2][status] GET https://cloudfunctions.googleapis.com/v2/projects/more-perfect-union-newsletter/locations/us-central1/operations/operation-1780756325131-65396a430e2fa-e0eed908-963201c1 200
[debug] [2026-06-06T14:34:36.739Z] <<< [apiv2][body] GET https://cloudfunctions.googleapis.com/v2/projects/more-perfect-union-newsletter/locations/us-central1/operations/operation-1780756325131-65396a430e2fa-e0eed908-963201c1 {"name":"projects/more-perfect-union-newsletter/locations/us-central1/operations/operation-1780756325131-65396a430e2fa-e0eed908-963201c1","metadata":{"@type":"type.googleapis.com/google.cloud.functions.v2.OperationMetadata","createTime":"2026-06-06T14:32:06.702738791Z","target":"projects/more-perfect-union-newsletter/locations/us-central1/functions/sendTest","verb":"create","cancelRequested":false,"apiVersion":"v2","requestResource":{"@type":"type.googleapis.com/google.cloud.functions.v2.Function","name":"projects/more-perfect-union-newsletter/locations/us-central1/functions/sendTest","buildConfig":{"runtime":"nodejs20","entryPoint":"sendTest","source":{"storageSource":{"bucket":"gcf-v2-sources-584662744129-us-central1","object":"sendTest/function-source.zip","generation":"1780756326327025"}},"environmentVariables":{"GOOGLE_NODE_RUN_SCRIPTS":""},"serviceAccount":"projects/more-perfect-union-newsletter/serviceAccounts/584662744129-compute@developer.gserviceaccount.com","automaticUpdatePolicy":{}},"serviceConfig":{"service":"projects/more-perfect-union-newsletter/locations/us-central1/services/sendtest","timeoutSeconds":60,"environmentVariables":{"FIREBASE_CONFIG":"{\"projectId\":\"more-perfect-union-newsletter\",\"storageBucket\":\"more-perfect-union-newsletter.firebasestorage.app\"}","GCLOUD_PROJECT":"more-perfect-union-newsletter","EVENTARC_CLOUD_EVENT_SOURCE":"projects/more-perfect-union-newsletter/locations/us-central1/services/sendTest","FUNCTION_TARGET":"sendTest","LOG_EXECUTION_ID":"true"},"ingressSettings":"ALLOW_ALL","serviceAccountEmail":"584662744129-compute@developer.gserviceaccount.com","availableMemory":"256Mi","secretEnvironmentVariables":[{"key":"GMAIL_USER","projectId":"more-perfect-union-newsletter","secret":"GMAIL_USER","version":"1"},{"key":"GMAIL_APP_PASSWORD","projectId":"more-perfect-union-newsletter","secret":"GMAIL_APP_PASSWORD","version":"1"}],"maxInstanceRequestConcurrency":80,"availableCpu":"1"},"labels":{"deployment-tool":"cli-firebase","firebase-functions-hash":"2152512266b17bb0d41057fe41ebb0294bd19789"},"environment":"GEN_2"},"stages":[{"name":"BUILD","message":"Build in progress","state":"IN_PROGRESS","resource":"projects/584662744129/locations/us-central1/builds/89a2fd0a-8730-435d-a80d-58871776b5d6","resourceUri":"https://console.cloud.google.com/cloud-build/builds;region=us-central1/89a2fd0a-8730-435d-a80d-58871776b5d6?project=584662744129"},{"name":"SERVICE","state":"NOT_STARTED"}],"operationType":"CREATE_FUNCTION","buildName":"projects/584662744129/locations/us-central1/builds/89a2fd0a-8730-435d-a80d-58871776b5d6"},"done":false}
[debug] [2026-06-06T14:34:46.740Z] [create-default-us-central1-sendTest] Retrying task index 0
[debug] [2026-06-06T14:34:46.741Z] Checked if tokens are valid: true, expires at: 1780758677513
[debug] [2026-06-06T14:34:46.741Z] Checked if tokens are valid: true, expires at: 1780758677513
[debug] [2026-06-06T14:34:46.741Z] >>> [apiv2][query] GET https://cloudfunctions.googleapis.com/v2/projects/more-perfect-union-newsletter/locations/us-central1/operations/operation-1780756325131-65396a430e2fa-e0eed908-963201c1 [none]
[debug] [2026-06-06T14:34:47.035Z] <<< [apiv2][status] GET https://cloudfunctions.googleapis.com/v2/projects/more-perfect-union-newsletter/locations/us-central1/operations/operation-1780756325131-65396a430e2fa-e0eed908-963201c1 200
[debug] [2026-06-06T14:34:47.036Z] <<< [apiv2][body] GET https://cloudfunctions.googleapis.com/v2/projects/more-perfect-union-newsletter/locations/us-central1/operations/operation-1780756325131-65396a430e2fa-e0eed908-963201c1 {"name":"projects/more-perfect-union-newsletter/locations/us-central1/operations/operation-1780756325131-65396a430e2fa-e0eed908-963201c1","metadata":{"@type":"type.googleapis.com/google.cloud.functions.v2.OperationMetadata","createTime":"2026-06-06T14:32:06.702738791Z","target":"projects/more-perfect-union-newsletter/locations/us-central1/functions/sendTest","verb":"create","cancelRequested":false,"apiVersion":"v2","requestResource":{"@type":"type.googleapis.com/google.cloud.functions.v2.Function","name":"projects/more-perfect-union-newsletter/locations/us-central1/functions/sendTest","buildConfig":{"runtime":"nodejs20","entryPoint":"sendTest","source":{"storageSource":{"bucket":"gcf-v2-sources-584662744129-us-central1","object":"sendTest/function-source.zip","generation":"1780756326327025"}},"environmentVariables":{"GOOGLE_NODE_RUN_SCRIPTS":""},"serviceAccount":"projects/more-perfect-union-newsletter/serviceAccounts/584662744129-compute@developer.gserviceaccount.com","automaticUpdatePolicy":{}},"serviceConfig":{"service":"projects/more-perfect-union-newsletter/locations/us-central1/services/sendtest","timeoutSeconds":60,"environmentVariables":{"FIREBASE_CONFIG":"{\"projectId\":\"more-perfect-union-newsletter\",\"storageBucket\":\"more-perfect-union-newsletter.firebasestorage.app\"}","GCLOUD_PROJECT":"more-perfect-union-newsletter","EVENTARC_CLOUD_EVENT_SOURCE":"projects/more-perfect-union-newsletter/locations/us-central1/services/sendTest","FUNCTION_TARGET":"sendTest","LOG_EXECUTION_ID":"true"},"ingressSettings":"ALLOW_ALL","serviceAccountEmail":"584662744129-compute@developer.gserviceaccount.com","availableMemory":"256Mi","secretEnvironmentVariables":[{"key":"GMAIL_USER","projectId":"more-perfect-union-newsletter","secret":"GMAIL_USER","version":"1"},{"key":"GMAIL_APP_PASSWORD","projectId":"more-perfect-union-newsletter","secret":"GMAIL_APP_PASSWORD","version":"1"}],"maxInstanceRequestConcurrency":80,"availableCpu":"1"},"labels":{"deployment-tool":"cli-firebase","firebase-functions-hash":"2152512266b17bb0d41057fe41ebb0294bd19789"},"environment":"GEN_2"},"stages":[{"name":"BUILD","message":"Build finished","state":"COMPLETE","resource":"projects/584662744129/locations/us-central1/builds/89a2fd0a-8730-435d-a80d-58871776b5d6","resourceUri":"https://console.cloud.google.com/cloud-build/builds;region=us-central1/89a2fd0a-8730-435d-a80d-58871776b5d6?project=584662744129"},{"name":"SERVICE","message":"Creating Cloud Run service","state":"IN_PROGRESS","resource":"projects/more-perfect-union-newsletter/locations/us-central1/services/sendtest","resourceUri":"https://console.cloud.google.com/run/detail/us-central1/sendtest?project=more-perfect-union-newsletter"}],"sourceToken":"Cldwcm9qZWN0cy81ODQ2NjI3NDQxMjkvbG9jYXRpb25zL3VzLWNlbnRyYWwxL2J1aWxkcy84OWEyZmQwYS04NzMwLTQzNWQtYTgwZC01ODg3MTc3NmI1ZDYSigF1cy1jZW50cmFsMS1kb2NrZXIucGtnLmRldi9tb3JlLXBlcmZlY3QtdW5pb24tbmV3c2xldHRlci9nY2YtYXJ0aWZhY3RzL21vcmUtLXBlcmZlY3QtLXVuaW9uLS1uZXdzbGV0dGVyX191cy0tY2VudHJhbDFfX3NlbmRfdGVzdDp2ZXJzaW9uXzEYwfj1hIIRIk9wcm9qZWN0cy9tb3JlLXBlcmZlY3QtdW5pb24tbmV3c2xldHRlci9sb2NhdGlvbnMvdXMtY2VudHJhbDEvZnVuY3Rpb25zL3NlbmRUZXN0KgwI/t+Q0QYQmLTCigEyCG5vZGVqczIwOnYKI2djci5pby9nYWUtcnVudGltZXMvbm9kZWpzMjA6c3RhYmxlEk91cy1jZW50cmFsMS1kb2NrZXIucGtnLmRldi9zZXJ2ZXJsZXNzLXJ1bnRpbWVzL2dvb2dsZS0yMi1mdWxsL3J1bnRpbWVzL25vZGVqczIwQAE=","operationType":"CREATE_FUNCTION","buildName":"projects/584662744129/locations/us-central1/builds/89a2fd0a-8730-435d-a80d-58871776b5d6"},"done":false}
[debug] [2026-06-06T14:34:47.036Z] Got source token Cldwcm9qZWN0cy81ODQ2NjI3NDQxMjkvbG9jYXRpb25zL3VzLWNlbnRyYWwxL2J1aWxkcy84OWEyZmQwYS04NzMwLTQzNWQtYTgwZC01ODg3MTc3NmI1ZDYSigF1cy1jZW50cmFsMS1kb2NrZXIucGtnLmRldi9tb3JlLXBlcmZlY3QtdW5pb24tbmV3c2xldHRlci9nY2YtYXJ0aWZhY3RzL21vcmUtLXBlcmZlY3QtLXVuaW9uLS1uZXdzbGV0dGVyX191cy0tY2VudHJhbDFfX3NlbmRfdGVzdDp2ZXJzaW9uXzEYwfj1hIIRIk9wcm9qZWN0cy9tb3JlLXBlcmZlY3QtdW5pb24tbmV3c2xldHRlci9sb2NhdGlvbnMvdXMtY2VudHJhbDEvZnVuY3Rpb25zL3NlbmRUZXN0KgwI/t+Q0QYQmLTCigEyCG5vZGVqczIwOnYKI2djci5pby9nYWUtcnVudGltZXMvbm9kZWpzMjA6c3RhYmxlEk91cy1jZW50cmFsMS1kb2NrZXIucGtnLmRldi9zZXJ2ZXJsZXNzLXJ1bnRpbWVzL2dvb2dsZS0yMi1mdWxsL3J1bnRpbWVzL25vZGVqczIwQAE= for region us-central1
[debug] [2026-06-06T14:34:57.036Z] [create-default-us-central1-sendTest] Retrying task index 0
[debug] [2026-06-06T14:34:57.037Z] Checked if tokens are valid: true, expires at: 1780758677513
[debug] [2026-06-06T14:34:57.037Z] Checked if tokens are valid: true, expires at: 1780758677513
[debug] [2026-06-06T14:34:57.037Z] >>> [apiv2][query] GET https://cloudfunctions.googleapis.com/v2/projects/more-perfect-union-newsletter/locations/us-central1/operations/operation-1780756325131-65396a430e2fa-e0eed908-963201c1 [none]
[debug] [2026-06-06T14:34:57.244Z] <<< [apiv2][status] GET https://cloudfunctions.googleapis.com/v2/projects/more-perfect-union-newsletter/locations/us-central1/operations/operation-1780756325131-65396a430e2fa-e0eed908-963201c1 200
[debug] [2026-06-06T14:34:57.245Z] <<< [apiv2][body] GET https://cloudfunctions.googleapis.com/v2/projects/more-perfect-union-newsletter/locations/us-central1/operations/operation-1780756325131-65396a430e2fa-e0eed908-963201c1 {"name":"projects/more-perfect-union-newsletter/locations/us-central1/operations/operation-1780756325131-65396a430e2fa-e0eed908-963201c1","metadata":{"@type":"type.googleapis.com/google.cloud.functions.v2.OperationMetadata","createTime":"2026-06-06T14:32:06.702738791Z","endTime":"2026-06-06T14:34:47.785823215Z","target":"projects/more-perfect-union-newsletter/locations/us-central1/functions/sendTest","verb":"create","cancelRequested":false,"apiVersion":"v2","requestResource":{"@type":"type.googleapis.com/google.cloud.functions.v2.Function","name":"projects/more-perfect-union-newsletter/locations/us-central1/functions/sendTest","buildConfig":{"runtime":"nodejs20","entryPoint":"sendTest","source":{"storageSource":{"bucket":"gcf-v2-sources-584662744129-us-central1","object":"sendTest/function-source.zip","generation":"1780756326327025"}},"environmentVariables":{"GOOGLE_NODE_RUN_SCRIPTS":""},"serviceAccount":"projects/more-perfect-union-newsletter/serviceAccounts/584662744129-compute@developer.gserviceaccount.com","automaticUpdatePolicy":{}},"serviceConfig":{"service":"projects/more-perfect-union-newsletter/locations/us-central1/services/sendtest","timeoutSeconds":60,"environmentVariables":{"FIREBASE_CONFIG":"{\"projectId\":\"more-perfect-union-newsletter\",\"storageBucket\":\"more-perfect-union-newsletter.firebasestorage.app\"}","GCLOUD_PROJECT":"more-perfect-union-newsletter","EVENTARC_CLOUD_EVENT_SOURCE":"projects/more-perfect-union-newsletter/locations/us-central1/services/sendTest","FUNCTION_TARGET":"sendTest","LOG_EXECUTION_ID":"true"},"ingressSettings":"ALLOW_ALL","serviceAccountEmail":"584662744129-compute@developer.gserviceaccount.com","availableMemory":"256Mi","secretEnvironmentVariables":[{"key":"GMAIL_USER","projectId":"more-perfect-union-newsletter","secret":"GMAIL_USER","version":"1"},{"key":"GMAIL_APP_PASSWORD","projectId":"more-perfect-union-newsletter","secret":"GMAIL_APP_PASSWORD","version":"1"}],"maxInstanceRequestConcurrency":80,"availableCpu":"1"},"labels":{"deployment-tool":"cli-firebase","firebase-functions-hash":"2152512266b17bb0d41057fe41ebb0294bd19789"},"environment":"GEN_2"},"stages":[{"name":"BUILD","message":"Build finished","state":"COMPLETE","resource":"projects/584662744129/locations/us-central1/builds/89a2fd0a-8730-435d-a80d-58871776b5d6","resourceUri":"https://console.cloud.google.com/cloud-build/builds;region=us-central1/89a2fd0a-8730-435d-a80d-58871776b5d6?project=584662744129"},{"name":"SERVICE","message":"Creating Cloud Run service","state":"COMPLETE","resource":"projects/more-perfect-union-newsletter/locations/us-central1/services/sendtest","resourceUri":"https://console.cloud.google.com/run/detail/us-central1/sendtest?project=more-perfect-union-newsletter"}],"sourceToken":"Cldwcm9qZWN0cy81ODQ2NjI3NDQxMjkvbG9jYXRpb25zL3VzLWNlbnRyYWwxL2J1aWxkcy84OWEyZmQwYS04NzMwLTQzNWQtYTgwZC01ODg3MTc3NmI1ZDYSigF1cy1jZW50cmFsMS1kb2NrZXIucGtnLmRldi9tb3JlLXBlcmZlY3QtdW5pb24tbmV3c2xldHRlci9nY2YtYXJ0aWZhY3RzL21vcmUtLXBlcmZlY3QtLXVuaW9uLS1uZXdzbGV0dGVyX191cy0tY2VudHJhbDFfX3NlbmRfdGVzdDp2ZXJzaW9uXzEYwfj1hIIRIk9wcm9qZWN0cy9tb3JlLXBlcmZlY3QtdW5pb24tbmV3c2xldHRlci9sb2NhdGlvbnMvdXMtY2VudHJhbDEvZnVuY3Rpb25zL3NlbmRUZXN0KgwI/t+Q0QYQmLTCigEyCG5vZGVqczIwOnYKI2djci5pby9nYWUtcnVudGltZXMvbm9kZWpzMjA6c3RhYmxlEk91cy1jZW50cmFsMS1kb2NrZXIucGtnLmRldi9zZXJ2ZXJsZXNzLXJ1bnRpbWVzL2dvb2dsZS0yMi1mdWxsL3J1bnRpbWVzL25vZGVqczIwQAE=","operationType":"CREATE_FUNCTION","buildName":"projects/584662744129/locations/us-central1/builds/89a2fd0a-8730-435d-a80d-58871776b5d6"},"done":true,"response":{"@type":"type.googleapis.com/google.cloud.functions.v2.Function","name":"projects/more-perfect-union-newsletter/locations/us-central1/functions/sendTest","buildConfig":{"build":"projects/584662744129/locations/us-central1/builds/89a2fd0a-8730-435d-a80d-58871776b5d6","runtime":"nodejs20","entryPoint":"sendTest","source":{"storageSource":{"bucket":"gcf-v2-sources-584662744129-us-central1","object":"sendTest/function-source.zip","generation":"1780756326327025"}},"environmentVariables":{"GOOGLE_NODE_RUN_SCRIPTS":""},"dockerRepository":"projects/more-perfect-union-newsletter/locations/us-central1/repositories/gcf-artifacts","sourceProvenance":{"resolvedStorageSource":{"bucket":"gcf-v2-sources-584662744129-us-central1","object":"sendTest/function-source.zip","generation":"1780756326327025"}},"dockerRegistry":"ARTIFACT_REGISTRY","serviceAccount":"projects/more-perfect-union-newsletter/serviceAccounts/584662744129-compute@developer.gserviceaccount.com","automaticUpdatePolicy":{}},"serviceConfig":{"service":"projects/more-perfect-union-newsletter/locations/us-central1/services/sendtest","timeoutSeconds":60,"environmentVariables":{"FIREBASE_CONFIG":"{\"projectId\":\"more-perfect-union-newsletter\",\"storageBucket\":\"more-perfect-union-newsletter.firebasestorage.app\"}","GCLOUD_PROJECT":"more-perfect-union-newsletter","EVENTARC_CLOUD_EVENT_SOURCE":"projects/more-perfect-union-newsletter/locations/us-central1/services/sendTest","FUNCTION_TARGET":"sendTest","LOG_EXECUTION_ID":"true"},"ingressSettings":"ALLOW_ALL","uri":"https://sendtest-26c2r3rtwa-uc.a.run.app","serviceAccountEmail":"584662744129-compute@developer.gserviceaccount.com","availableMemory":"256Mi","allTrafficOnLatestRevision":true,"secretEnvironmentVariables":[{"key":"GMAIL_USER","projectId":"more-perfect-union-newsletter","secret":"GMAIL_USER","version":"1"},{"key":"GMAIL_APP_PASSWORD","projectId":"more-perfect-union-newsletter","secret":"GMAIL_APP_PASSWORD","version":"1"}],"revision":"sendtest-00001-jiv","maxInstanceRequestConcurrency":80,"availableCpu":"1"},"state":"ACTIVE","updateTime":"2026-06-06T14:32:06.697798565Z","labels":{"deployment-tool":"cli-firebase","firebase-functions-hash":"2152512266b17bb0d41057fe41ebb0294bd19789"},"environment":"GEN_2","url":"https://us-central1-more-perfect-union-newsletter.cloudfunctions.net/sendTest","createTime":"2026-06-06T14:32:06.697798565Z","satisfiesPzi":true}}
[debug] [2026-06-06T14:34:57.245Z] Got source token Cldwcm9qZWN0cy81ODQ2NjI3NDQxMjkvbG9jYXRpb25zL3VzLWNlbnRyYWwxL2J1aWxkcy84OWEyZmQwYS04NzMwLTQzNWQtYTgwZC01ODg3MTc3NmI1ZDYSigF1cy1jZW50cmFsMS1kb2NrZXIucGtnLmRldi9tb3JlLXBlcmZlY3QtdW5pb24tbmV3c2xldHRlci9nY2YtYXJ0aWZhY3RzL21vcmUtLXBlcmZlY3QtLXVuaW9uLS1uZXdzbGV0dGVyX191cy0tY2VudHJhbDFfX3NlbmRfdGVzdDp2ZXJzaW9uXzEYwfj1hIIRIk9wcm9qZWN0cy9tb3JlLXBlcmZlY3QtdW5pb24tbmV3c2xldHRlci9sb2NhdGlvbnMvdXMtY2VudHJhbDEvZnVuY3Rpb25zL3NlbmRUZXN0KgwI/t+Q0QYQmLTCigEyCG5vZGVqczIwOnYKI2djci5pby9nYWUtcnVudGltZXMvbm9kZWpzMjA6c3RhYmxlEk91cy1jZW50cmFsMS1kb2NrZXIucGtnLmRldi9zZXJ2ZXJsZXNzLXJ1bnRpbWVzL2dvb2dsZS0yMi1mdWxsL3J1bnRpbWVzL25vZGVqczIwQAE= for region us-central1
[debug] [2026-06-06T14:34:57.246Z] Checked if tokens are valid: true, expires at: 1780758677513
[debug] [2026-06-06T14:34:57.246Z] Checked if tokens are valid: true, expires at: 1780758677513
[debug] [2026-06-06T14:34:57.246Z] >>> [apiv2][query] POST https://run.googleapis.com/v1/projects/more-perfect-union-newsletter/locations/us-central1/services/sendtest:setIamPolicy [none]
[debug] [2026-06-06T14:34:57.246Z] >>> [apiv2][body] POST https://run.googleapis.com/v1/projects/more-perfect-union-newsletter/locations/us-central1/services/sendtest:setIamPolicy {"policy":{"bindings":[{"role":"roles/run.invoker","members":["allUsers"]}],"etag":"","version":3},"updateMask":"bindings,etag,version"}
[debug] [2026-06-06T14:34:58.160Z] <<< [apiv2][status] POST https://run.googleapis.com/v1/projects/more-perfect-union-newsletter/locations/us-central1/services/sendtest:setIamPolicy 200
[debug] [2026-06-06T14:34:58.161Z] <<< [apiv2][body] POST https://run.googleapis.com/v1/projects/more-perfect-union-newsletter/locations/us-central1/services/sendtest:setIamPolicy {"version":1,"etag":"BwZTlq5/aTk=","bindings":[{"role":"roles/run.invoker","members":["allUsers"]}]}
[info] ✔  functions[sendTest(us-central1)] Successful create operation. 
[debug] [2026-06-06T14:34:58.164Z] Total Function Deployment time: 173250
[debug] [2026-06-06T14:34:58.164Z] 1 Functions Deployed
[debug] [2026-06-06T14:34:58.164Z] 0 Functions Errored
[debug] [2026-06-06T14:34:58.164Z] 0 Function Deployments Aborted
[debug] [2026-06-06T14:34:58.164Z] Average Function Deployment time: 173249
[info] Function URL (sendTest(us-central1)): https://us-central1-more-perfect-union-newsletter.cloudfunctions.net/sendTest
[debug] [2026-06-06T14:34:58.164Z] Checked if tokens are valid: true, expires at: 1780758677513
[debug] [2026-06-06T14:34:58.165Z] Checked if tokens are valid: true, expires at: 1780758677513
[debug] [2026-06-06T14:34:58.165Z] >>> [apiv2][query] GET https://artifactregistry.googleapis.com/v1/projects/more-perfect-union-newsletter/locations/us-central1/repositories/gcf-artifacts [none]
[debug] [2026-06-06T14:34:58.523Z] <<< [apiv2][status] GET https://artifactregistry.googleapis.com/v1/projects/more-perfect-union-newsletter/locations/us-central1/repositories/gcf-artifacts 200
[debug] [2026-06-06T14:34:58.524Z] <<< [apiv2][body] GET https://artifactregistry.googleapis.com/v1/projects/more-perfect-union-newsletter/locations/us-central1/repositories/gcf-artifacts {"name":"projects/more-perfect-union-newsletter/locations/us-central1/repositories/gcf-artifacts","format":"DOCKER","description":"This repository is created and used by Cloud Functions for storing function docker images.","labels":{"goog-managed-by":"cloudfunctions"},"createTime":"2026-06-06T14:33:51.999165Z","updateTime":"2026-06-06T14:34:34.727929Z","mode":"STANDARD_REPOSITORY","sizeBytes":"91883385","vulnerabilityScanningConfig":{"lastEnableTime":"2026-06-06T14:33:30.224247891Z","enablementState":"SCANNING_DISABLED","enablementStateReason":"API containerscanning.googleapis.com is not enabled."},"satisfiesPzi":true,"registryUri":"us-central1-docker.pkg.dev/more-perfect-union-newsletter/gcf-artifacts"}
[warn] ⚠  functions: No cleanup policy detected for repositories in us-central1. This may result in a small monthly bill as container images accumulate over time. 
